id;Название;Реставрация;Размер;Автор;Материал;Персоналии;Уточняющая датировка;Век;Страна;Место хранения;Иконография;Тип изображения;Фрагменты
2;Акафистная;False;92 x 71 см;Иван Григорьев Марков (?);Дерево, темпера;Спаситель, Богоматерь;первая четверть;18;Россия;Вологодский государственный историко-архитектурный и художественный музей-заповедник;Богоматерь;Многофигурное;Богоматерь с Младенцем (Акафистная)
7;Благодатное Небо;True;165,0 х 59,0 см;Патракеев Филипп;Дерево;Спаситель, Богоматерь;1794 г.;18;Россия;"Музей-заповедник ""Щелыково""";Богоматерь;Ростовое;None
8;Благодатное Небо;False;123,5 x 52,5 см;Иван Казаринов;Дерево, темпера;Спаситель, Богоматерь;1741 г.;18;Россия;Пермская государственная художественная галерея;Богоматерь;Ростовое;None
9;"Блаженное Чрево (""Барловская"")";True;31 х 27 см;Иван Авксентиев;Дерево, темпера, серебро, чеканка, канфарение, чернь, золочение;Спаситель, Богоматерь;1664 г.;17;Россия;Государственный Владимиро-Суздальский историко-архитектурный и художественный музей-заповедник;Богоматерь;Поясное;Спаситель (Блаженное Чрево)
10;Блаженное Чрево;False;31 x 26,5 см;Трофим Дорохов;Дерево, темпера;Спаситель, Богоматерь;1799 г.;18;Россия;Государственный музей истории религии, Санкт-Петербург;Богоматерь;Поясное;None
17;Боголюбская;False;88 х 54 см;Василий Иванов Уланов;Дерево, темпера;Спаситель, Богоматерь, Иоанн Предтеча, ангелы;1712 г.;18;Россия;Государственная Третьяковская галерея, Москва;Богоматерь;Ростовое;None
20;Боголюбская, с избранными святыми;False;35,9 х 29,8 см;Семен Бороздин;Дерево, темпера;Спаситель, Богородица, ангелы, избранные святые;16 - 17 вв. ;16;Россия;Государственный Русский музей, Санкт-Петербург;Богоматерь;Ростовое;None
21;Боголюбская, с избранными святыми;False;35 x 15 см (створы ), 35 x 30 см (средник );Истома Савин;Дерево, левкас, темпера;Спаситель, Богородица, святые;начало;17;Россия;Государственная Третьяковская галерея, Москва;Богоматерь;Ростовое;None
34;Богоматерь (из деисусного чина);False;210 х 109 см;Феофан Грек (?);Дерево, темпера;Богородица;последняя четверть;14;Россия;Благовещенский собор Московского Кремля;Богоматерь;Ростовое;Богоматерь (из деисусного чина)
45;Богоматерь (из деисусного чина);True;235 х 100 см;Мастер Аарон, Феофанов (?) сын;Дерево, темпера, серебро, басма, золочение, оброн, эмаль,;Богоматерь;1438 г.;15;Россия;Софийский собор, Новгород;Богоматерь;Ростовое;None
50;Богоматерь (из деисусного чина);True;155 x 62 см;Дионисий;Дерево, левкас, темпера;Богородица;около 1502 г.;16;Россия;Государственная Третьяковская галерея, Москва;Богоматерь;Ростовое;None
57;Богоматерь (из деисусного чина);True;139 х 45 см;Круг Федора Трофимова;Дерево, левкас, темпера;Богородица;1590 - 1599 гг.;16;Россия;"Московский государственный объединенный художественный историко-архитектурный и природно-ландшафтный музей-заповедник ""Коломенское""";Богоматерь;Ростовое;Богоматерь (из деисусного чина)
61;"Богоматерь (из композиции "" Распятие "")";False;51 х 26,5 см;Онуфрий из Аргоса;Дерево, темпера;Богородица;середина;16;Македония;Митрополия в Битоле;Богоматерь;Ростовое;None
76;Богоматерь с Младенцем (на престоле);True;214 х 142 см;Артемий Катунец;Дерево, темпера, серебро, чеканка, золочение;Младенец-Христос, Богородица;1688 г.;17;Россия;Государственный Владимиро-Суздальский историко-архитектурный и художественный музей-заповедник;Богоматерь;Тронное;None
77;Богоматерь с Младенцем (на престоле);False;114,5 х 49,7 см;Критская школа;Дерево, темпера;Младенец-Христос, Богородица, ангелы;15 - 16 вв.;15;Греция;Афон, монастырь Пантократор;Богоматерь;Тронное;None
79;Богоматерь с Младенцем (на престоле);True;151 х 108 см;Андрей Лаврентьев, Иван Дерма Ярцев;Дерево, темпера, серебро, басма, золочение, оброн, эмаль;Богоматерь с Младенцем;1509 г.;16;Россия;Софийский собор, Новгород;Богоматерь;Ростовое;None
80;Богоматерь с Младенцем (на престоле);False;173 х 100 см;Иван и Афанасий Шустовы;Дерево, темпера;Спаситель, Богоматерь, ангелы;1747 г.;18;Россия;Государственный историко-архитектурный и художественный музей-заповедник «Новый Иерусалим»;Богоматерь;Сюжетная композиция;None
86;Богоматерь с Младенцем (на престоле);True;142,4 х 70,6 см;Богдан Соболев;Дерево, левкас, темпера;Спаситель, Богородица;1609 г.;17;Россия;Сольвычегодский историко-художественный музей;Богоматерь;Тронное;None
88;Богоматерь с Младенцем (на престоле);False;106 х 66 см;Эммануил Тзанес;Дерево, левкас, темпера;Спаситель, Богоматерь;1664 г.;17;Греция;Византийский и христианский музей, Афины;Богоматерь;Тронное;None
94;Богоматерь с Младенцем (на престоле, с предстоящими Давидом и Соломоном);False;60,8 х 60,9 см;Новгородский мастер (?);Дерево, паволока, левкас, серебро, басма, темпера, скань;Спаситель, Богоматерь, проров давид, пророк Соломон;1560 - 1570 гг.;16;Россия;"Государственный историко-культурный музей-заповедник ""Московский Кремль""";Богоматерь;Ростовое;Соломон пророк
108;Богоматерь с Младенцем;False;209,5 x 91 см;Мина Лукич Колокольников I?);Дерево, масло;Спаситель, Богоматерь, ангелы;середина;18;Россия;Санкт-Петербургская епархия;Богоматерь;Ростовое;None
109;Богоматерь с Младенцем;False;31,5 х 25,9 см;Афанасий Васильев;Дерево, масло;Спаситель, Богоматерь;1766 г.;18;Россия;Частное собрание;Богоматерь;Поясное;None
111;Богоматерь с Младенцем;False;71,5 х 34,5 см;Иван Кендерский;Дерево, масло;Спаситель, Богоматерь, ангелы;1781 г.;18;Россия;Частное собрание;Богоматерь;Ростовое;None
112;Богоматерь с Младенцем;False;116 x 70 см;Иван Иванов Богданов-Карбатовский, Иван Васильев Минин;Дерево, темпера;Спаситель, Богоматерь;1776 г.;18;Россия;Музей икон Пресвятой Богородицы;Богоматерь;Ростовое;None
122;Богоматерь с Младенцем;False;121 х 96,5 см;Ангелос Акотантос;Дерево, левкас, темпера;Спаситель, Богородица, ангелы;середина;15;Греция;Византийский и христианский музей, Афины;Богоматерь;Поясное;Спаситель и Богоматерь, Гиматий и ножки Спасителя
133;Вертоград Заключенный;False;33 х 29 см;Никита Павловец;Дерево, левкас, темпера;Спаситель, Богородица, ангелы;около 1670 г.;17;Россия;Государственная Третьяковская галерея, Москва;Богоматерь;Ростовое;None
143;Владимирская (Древо Государства Российского);False;105 х 62 см;Симон Ушаков;Дерево, левкас, темпера;Спаситель, Богородица;1668 г.;17;Россия;Государственная Третьяковская галерея, Москва;Богоматерь;Поясное с клеймами;Спаситель и Богоматерь (Владимирская), Иоанн, Василий и Максим блаженные, Ангел, Ангел, Преподобные Сергий Радонежский и Никон Радонежский, благоверный князь Александр Невский, Митрополиты Иона, Киприан, Алексий, Митрополит Петр и благоверный князь Иоанн Данилович (Иван Калита), Царевич Дмитрий Углический, цари Феодор Иоаннович и Михаил Федорович, патриархи Филарет, Царь Алексей Михайлович за кремлевскими стенами слева от Спасской башни, Царица Мария Ильинична с царевичами у Никольской башни, Спаситель (Древо Государства Российского)
144;Владимирская (на обороте Голгофский Крест);True;104 х 70 см;Симон Ушаков;Дерево, темпера;Младенец-Христос, Богородица;1652 г.;17;Россия;Государственная Третьяковская галерея, Москва;Богоматерь;Поясное;Спаситель и Богоматерь (Владимирская)
149;Владимирская с избранными святыми;True;105 х 70 см;Симон Ушаков;Дерево, темпера;Спаситель, Богоматерь, архангел Михаил, архангел Гавриил, святитель Силуан, святитель Андрей Критский, архидиакон Стефан, преподобный Пимен, мученик Феодор Тирон, преподобная Мария Египетская, прпеподобная Феврония Муромская;1660 г.;17;Россия;Государственный Владимиро-Суздальский историко-архитектурный и художественный музей-заповедник;Богоматерь;Поясное с клеймами;Спаситель и Богоматерь (Владимирская), Андрей Критский, Мария Египетская
152;Владимирская с избранными святыми;True;74 x 62,5;Борис Деомидов;Дерево, левкас, темпера;Спаситель, Богородица, св. Симеон Богоприимец, св. Алексей Человек Божий, прав. Прокопий Устюжский, св. Иоанн Устюжский, вмч. Екатерина, преп. Феодора;1707 г.;18;Россия;Вологодский государственный историко-архитектурный и художественный музей-заповедник;Богоматерь;Многофигурное;Спаситель и Богоматерь (Владимирская)
155;Владимирская с праздниками и избранными святыми;False;31 х 27,5 (средник), 30,5 х 12,5 (створки) см;Царские изографы (?);Дерево, темпера;Младенец-Христос, Богородица, митрополиты Петр, Алексий, Иона архидьякон Стефан.;начало;17;Россия;Государственная Третьяковская галерея, Москва;Богоматерь;Поясное;None
156;Владимирская с праздниками и избранными святыми;False;Средник 44 x 41, створы 44 x 20;Прокопий Чирин;Дерево, левкас, темпера;Спаситель, Богородица;начало;17;Россия;Государственная Третьяковская галерея, Москва;Богоматерь;Многофигурное;None
163;Владимирская со сценами сказания;True;103,0 х 83,0 см;Уланов Кирилл (Корнилий) Иванов;Дерево, темпера;Спаситель, Богоматерь;1717 г.;18;Россия;Переславль-Залесский государственный историко-архитектурный и художественный музей-заповедник;Богоматерь;Поясное с клеймами;None
164;Владимирская со сценами сказания;True;115 х 84;Истома Савин;Дерево, левкас, темпера;Спаситель, Богородица ( ИСВ № 73 );1580 - 1590 гг.;16;Россия;Пермская государственная художественная галерея;Богоматерь;Многофигурное;None
167;Владимирская;False;102,2 х 69,5 см;Андрей Рублев;Дерево, темпера;Спаситель, Богоматерь;1395 или 1408 гг.;14;Россия;Государственный Владимиро-Суздальский историко-архитектурный и художественный музей-заповедник;Богоматерь;Поясное;Спаситель и Богоматерь (Владимирская), Богоматерь (Владимирская), Младенец Христос (Владимирская икона Божией Матери)
173;Владимирская;False;138 х 104 см;Круг Дионисия;Дерево, темпера;Младенец-Христос, Богородица;начало;16;Россия;Государственная Третьяковская галерея, Москва;Богоматерь;Поясное;None
178;Владимирская;False;101 х 73 см;Священник Иоанн Михайлов;Дерево, темпера;Младенец-Христос, Богородица;1697 г.;17;Россия;Государственная Третьяковская галерея, Москва;Богоматерь;Поясное;None
184;Владимирская;False;33,3 х 26,7 см;Горбунов;Дерево, темпера;Младенец-Христос, Богородица;18 - 19 вв.;18;Россия;Государственная Третьяковская галерея, Москва;Богоматерь;Поясное;None
188;Владимирская;False;31,5 х 26,7 см;Андрей Андреевич Александров;Дерево, темпера, золото, эмаль;Младенец-Христос, Богородица;Конец;19;Россия;Государственная Третьяковская галерея, Москва;Богоматерь;Поясное;None
201;Владимирская;True;190,0 x 121,0 см;Уланов Кирилл (Корнилий) Иванов;Дерево, темпера;Спаситель, Богоматерь;1710 - 1720 гг.;18;Россия;Переславль-Залесский государственный историко-архитектурный и художественный музей-заповедник;Богоматерь;Поясное;None
206;Владимирская;False;40,5 х 30 см;Андрей Трофимов;Дерево, темпера;Спаситель, Богоматерь;1729 г.;18;Россия;Пермская государственная художественная галерея;Богоматерь;Поясное;None
212;Владимирская;False;102 х 66 см;Круг Андрея Рублева;Дерево, темпера;Спаситель, Богородица;первая четверть;15;Россия;"Государственный историко-культурный музей-заповедник ""Московский Кремль""";Богоматерь;Поясное;Спаситель (Владимирская), Спаситель и Богоматерь (Владимирская), Младенец Христос (Владимирская), Богоматерь (Владимирская), Богоматерь (Владимирская)
213;Владимирская;True;34,5 х 28,5 см;Истома Елизаров;Дерево, левкас, темпера;Спаситель, Богородица;первая четверть;18;Россия;Сольвычегодский историко-художественный музей;Богоматерь;Поясное;None
214;Владимирская;False;25 х 17 см;Успенский Л. А.;Дерево, левкас, темпера;Младенец-Христос, Богородица;1970 - 1980 гг.;20;Франция;Частное собрание M. Berg;Богоматерь;Поясное;None
219;Воплощение (в рост, с пророком Моисеем и патриархом Евфимием);False;44,6 х 36,6 см;Петр иконописец;Дерево, темпера;Спаситель, Богородица, прор. Моисей, свт. Евфимий;около 1224 г.;13;Египет;Монастырь святой Екатерины на Синае;Богоматерь;Многофигурное;None
222;Всех скорбящих Радость;True;52,0 х 109,0 см;Квашнин Алексей Иванов;Дерево, темпера;Спаситель, Богоматерь, ангелы;1707 г.;18;Россия;Государственная Третьяковская галерея, Москва;Богоматерь;Ростовое;None
227;Всех скорбящих Радость;False;174 x 116 см;Тихон Иванов Филатьев (?);Дерево, темпера;Спаситель, Богоматерь, ангелы;1701 - 1703 гг.;18;Россия;Центральный музей древнерусской культуры и искусства имени Андрея Рублева, Москва;Богоматерь;Сюжетная композиция;None
230;Всех скорбящих Радость;False;94 x 72 см;Стефан Артемьев Кузнецов;Дерево, темпера;Спаситель, Богоматерь, скорбящие;около 1735 г.;18;Россия;Вятское Епархиальное управление;Богоматерь;Сюжетная композиция;None
231;Всех скорбящих Радость;False;74,5 x 53,5 см;Иван Григорьев Кузнецов;Дерево, темпера;Спаситель, Богоматерь, скорбящие;1736 г.;18;Россия;Лальский районный историко-краеведческий музей;Богоматерь;Сюжетная композиция;Ангелы и скорбящие
251;Грузинская;False;32 x 27,5 см;Афанасий Стефанов Соколов (?);Дерево, темпера;Спаситель, Богоматерь;середина;18;Россия;Частное собрание;Богоматерь;Поясное;None
252;Грузинская;False;42 x 31 см;Алексей Гмызин;Дерево, темпера;Спаситель, Богоматерь;1750 г.;18;Россия;"Государственное музейное объединение ""Художественная культура Русского Севера"", Архангельск";Богоматерь;Поясное;None
261;Донская (на обороте Успение Богоматери);False;86 х 67 см;Феофан Грек (?);Дерево, темпера;Младенец-Христос, Богородица;1380 - 1390 гг.;14;Россия;Государственная Третьяковская галерея, Москва;Богоматерь;Поясное;Богоматерь (Донская)
267;Елеуса Кикская;True;146 х 121 см;Симон Ушаков;Дерево, темпера;Спаситель, Богоматерь;1675 г.;17;Россия;Государственный Владимиро-Суздальский историко-архитектурный и художественный музей-заповедник;Богоматерь;Поясное;Спаситель и Богоматерь (Елеуса Киккская)
269;Елеуса Кикская;False;130 х 76 см;Симон Ушаков;Дерево, левкас, темпера;Спаситель, Богородица;1668 г.;17;Россия;Государственная Третьяковская галерея, Москва;Богоматерь;Поясное;Спаситель и Богоматерь (Елеуса Кикская), Спаситель (Елеуса Кикская)
273;Жена, облеченная в солнце;True;162 х 72,8 см;Козьма Волков;Дерево, левкас, темпера;Спаситель, Богородица;1782 г.;18;Россия;Великоустюгский государственный историко-архитектурный и художественный музей-заповедник;Богоматерь;Ростовое;None
277;Живоносный Источник;False;170,5 х 116 см;Кирилл Уланов;Дерево, темпера;Спаситель, Богоматерь, ангелы;1703 г.;18;Россия;Центральный музей древнерусской культуры и искусства имени Андрея Рублева, Москва;Богоматерь;Сюжетная композиция;Спаситель и Богоматерь (Живоносный Источник), Михаил архангел
279;Живоносный источник;False;56,5 x 43 см;Василий Куфтин;Дерево, темпера;Спаситель, Богородица, ангелы;середина;18;Россия;Вологодский государственный историко-архитектурный и художественный музей-заповедник;Богоматерь;Сюжетная композиция;None
294;Знамение;False;60,5 х 53,3 см;Георгий Алексеев;Дерево, темпера;Спаситель, Богоматерь;1727 г.;18;Россия;Церковно-Археологический кабинет Московской Православной Духовной Академии;Богоматерь;Поясное;None
298;Знамение;False;100,5 х 79,6 см;Успенский Л. А.;Дерево, левкас, темпера;Младенец-Христос, Богородица;1972 г.;20;Франция;"Храм иконы ""Всех скорбящих радость"" и св. Женевьевы, Париж";Богоматерь;Поясное;None
300;Иверская;True;135 x 81см;Иеромонах Ямвлих;Дерево, левкас, темпера;Спаситель, Богородица;1648 г.;17;Греция;"Государственный Исторический музей, филиал ""Новодевичий монастырь"", Москва";Богоматерь;Поясное;None
305;Иверская;False;29 х 21,5 см;Михаил Фунтусов;Дерево, темпера;Спаситель, Богоматерь;1770 - 1780 гг.;18;Россия;Центральный музей древнерусской культуры и искусства имени Андрея Рублева, Москва;Богоматерь;Поясное;None
306;Игоревская;False;33 х 27 см;Макариевская мастерская;Дерево, темпера;Младенец-Христос, Богородица;середина;16;Россия;Государственная Третьяковская галерея, Москва;Богоматерь;Оглавное или оплечное;None
310;Иерусалимская;True;23,5 х 18,5 см;Василий Грязнов;Дерево, темпера;Младенец-Христос, Богородица;1721 г.;18;Россия;Государственный Владимиро-Суздальский историко-архитектурный и художественный музей-заповедник;Богоматерь;Поясное;None
312;Иерусалимская;False;220 х 155 см;Семен Фалеев;Дерево, темпера;Спаситель, Богоматерь;1740 г.;18;Россия;Калужское епархиальное управление;Богоматерь;Поясное;None
314;Ильинская-Черниговская (с акафистом);True;35 х 30 см;Яким Максимов;Дерево, темпера, серебро, чеканка, гравировка, золочение;Младенец-Христос, Богородица;1789 г.;18;Россия;Государственный Владимиро-Суздальский историко-архитектурный и художественный музей-заповедник;Богоматерь;Поясное с клеймами;Акафист Богоматери, клеймо 16,18, Акафист Богоматери, клеймо 17,24, Акафист Богоматери, клеймо 8,10, Акафист Богоматери, клеймо 9,11
315;Испанская;True;180 х 140 см;Артемий Катунец, Иван Рефусицкий, Флор Луховлянин;Дерево, темпера, серебро, басма, гравировка, золочение;Младенец-Христос, Богородица;1686 г.;17;Россия;Государственный Владимиро-Суздальский историко-архитектурный и художественный музей-заповедник;Богоматерь;Тронное;None
316;Казанская;True;31,5 х 26,2 см;Феодот Феофанов Протопопов-Ухтомский;Дерево, левкас, темпера;Младенец-Христос, Богородица;1720 г.;18;Россия;Частное собрание В.А. Бондаренко;Богоматерь;Оглавное или оплечное;None
317;Казанская;False;32,6 х 27,6 см;Симон Ушаков;Дерево, темпера;Младенец-Христос, Богородица;1659 г.;17;Россия;Частное собрание;Богоматерь;Оглавное или оплечное;None
318;Казанская;True;91,5 х 77,5 см;Поп Тимофей (Тимофей Ростовцев);Дерево, темпера;Младенец-Христос, Богородица;1649 г.;17;Россия;"Государственный музей-заповедник ""Ростовский Кремль""";Богоматерь;Оглавное или оплечное;None
324;Казанская;False;144,5 x 79 см;Григорий Степанов;Дерево, темпера;Спаситель, Богоматреь;1785 г.;18;Россия;Частное собрание;Богоматерь;Поясное;None
331;Казанская, с избранными святыми;True;107 х 85 см;Тихон Семенов;Дерево, темпера;Спаситель, Богоматерь, апостол Иаков, преподобный Алексий, человек Божий, равноапостольный Константин, равноапостольная Елена;1721 г.;18;Россия;Государственный Владимиро-Суздальский историко-архитектурный и художественный музей-заповедник;Богоматерь;Оглавное или оплечное;None
337;Кипрская, с чудесами;False;157 х 107 см;Семен Спиридонов;Дерево, левкас, темпера;Спаситель, Богородица;1680 г.;17;Россия;Ярославский государственный историко-архитектурный и художественный музей-заповедник;Богоматерь;Ростовое с клеймами;None
340;Коронование Богоматери;True;118,0 х 102,0 см;Патракеев Филипп;Дерево;Спаситель, Богоматерь;1794 г.;18;Россия;"Музей-заповедник ""Щелыково""";Богоматерь;Сюжетная композиция;None
346;Корсунская;False;36,5 x 31 см;Алексей Иванов Квашнин;Дерево, темпера;Спаситель, Богоматерь;1708 г.;18;Россия;Частное собрание;Богоматерь;Оглавное или оплечное;None
359;Млекопитательница;False;45 х 37,5 х 3,4;Иоаннис;Дерево, темпера;Спаситель, Богоматерь;1778 г.;18;Греция;Собрание Велимезиса;Богоматерь;Поясное;None
370;Неувядаемый Цвет (с праотцем Иессеем);False;81 х 53 см;Антониос Сигалас;Дерево, левкас, темпера;Спаситель, Богородица, праотец Иессеей, пророки, евангелисты;1786 г.;18;Греция;Византийский и христианский музей, Афины;Богоматерь;Поясное с клеймами;None
371;Неувядаемый Цвет (со святыми);False;57 х 41 см;Дичо Зограф из с. Тресонче;Дерево, темпера;Младенец-Христос, Богородица;1844 г.;19;Македония;Галерея икон, Охрид;Богоматерь;Поясное;None
376;О Всепетая Мати;False;121 х 71 см;Иван Дьяков;Дерево, темпера;Богоматерь;1733 г.;18;Россия;Яренский краеведческий музей;Богоматерь;Ростовое;None
386;Одигитрия (в рост);False;155 х 73 см;Георгий Каллиергис;Дерево, темпера;Младенец-Христос, Богородица;начало;14;Византия;Афон, монастырь Ватопед;Богоматерь;Ростовое;Спаситель и Богоматерь (Одигитрия), Богоматерь (Одигитрия), Спаситель (Одигитрия)
387;Одигитрия (в рост);True;143 х 44,5 см;Григорий;Дерево, левкас, темпера;Спаситель, Богородица;до 1616 г.;17;Россия;Пермская государственная художественная галерея;Богоматерь;Ростовое;None
392;Одигитрия (на обороте Воздвижение Креста);False;72 x 56 см;Алексей Федоров Бачилов;Дерево, темпера;Спаситель, Богоматерь;1768 г.;18;Россия;Частное собрание;Богоматерь;Поясное;None
397;Одигитрия (с Иоанном Предтечей и апостолом Петром);False;100 х 74 см;Круг Дионисия (?);Дерево, левкас, темпера;Спаситель, Богоматерь, архангел Михаил, архангел Гавриил, Иоанн Креститель, ап. Петр;последняя четверть;15;Россия;Государственная Третьяковская галерея, Москва;Богоматерь;Поясное;None
409;Одигитрия Смоленская;True;133,5 x 96,5 см;Степан Соколов;Дерево, левкас, темпера;Спаситель, Богородица;1718 г.;18;Россия;Великоустюгский государственный историко-архитектурный и художественный музей-заповедник;Богоматерь;Поясное;None
412;Одигитрия Смоленская;True;141,5 х 107 см;Семен Хромой;Дерево, левкас, темпера;Спаситель, Богородица;до 1616 г.;17;Россия;Пермская государственная художественная галерея;Богоматерь;Поясное;None
420;Одигитрия;False;135 х 111 см;Дионисий;Дерево, темпера;Младенец-Христос, Богородица;1482 г.;15;Россия;Государственная Третьяковская галерея, Москва;Богоматерь;Поясное;None
428;Одигитрия;False;96,2 х 62,5 см;Мастерская Иоанна Теодорова из Грамоста;Дерево, темпера;Младенец-Христос, Богородица;1535 г.;16;Македония;Музей Македонии, Скопье;Богоматерь;Поясное;None
435;Одигитрия;False;130 х 94 см;Феофан Критский (?);Дерево, темпера;Младенец-Христос, Богородица;1535 - 1546 гг.;16;Греция;Афон, монастырь Пантократор;Богоматерь;Поясное;Богоматерь (Одигитрия)
451;Одигитрия;True;147,0 х 110,0 см;Вощин Василий Никитин;Дерево, темпера, медь, басма,канфарение, золочение;Спаситель, Богоматерь, ангелы;1755 г.;18;Россия;Собор Богоявления Богоявленского Анастасиина монастыря в Костроме;Богоматерь;Поясное;None
459;Одигитрия;False;28,5 x 24,5 см;Иван Федоров Рожнов;Дерево, темпера;Спаситель, Богоматерь;1732 г.;18;Россия;Частное собрание;Богоматерь;Поясное;None
460;Одигитрия;True;179 x 138 см;Мастерская Михаила и Димитрия Белозерцев;Дерево, левкас, темпера;Спаситель, Богородица;1690 - 1695 гг.;17;Россия;Белозерский областной краеведческий музей;Богоматерь;Поясное;None
461;Одигитрия;True;141,2 x 105,7 см;Дионисий;Дерево, левкас, темпера;Спаситель, Богородица;около 1502 г.;16;Россия;Государственный Русский музей, Санкт-Петербург;Богоматерь;Поясное;Богоматерь (Одигитрия)
462;Одигитрия;False;135 x 95 см;Артемий Петров Кузнецов;Дерево, темпера;Спаситель, Богоматерь;1701 г.;18;Россия;Соликамский краеведческий музей;Богоматерь;Поясное;None
479;Одигитрия;False;92,5 х 38 см;Успенский Л. А.;Дерево, левкас, темпера;Младенец-Христос, Богородица;1968 г.;20;Франция;"Храм иконы ""Всех скорбящих радость"" и св. Женевьевы, Париж";Богоматерь;Ростовое;None
484;Одигитрия;False;89 х 64,2 см;Михаил Дамаскенос;Дерево, левкас, темпера;Спаситель, Богородица;вторая половина;16;Греция;Византийский и христианский музей, Афины;Богоматерь;Поясное;None
487;Палестинская;False;40 х 30 см;Семен Хромой;Дерево, темпера;Младенец-Христос, Богородица;16 - 17 вв.;16;Россия;Государственный Русский музей, Санкт-Петербург;Богоматерь;Поясное;None
497;Пелагонитиса;False;134,5 х 94 см;Иеромонах Макарий Зограф;Дерево, левкас, темпера;Младенец-Христос, Богородица;1421 - 1422 гг.;15;Македония;Музей Македонии, Скопье;Богоматерь;Поясное;Спаситель и Богоматерь (Пелагонитисса)
504;Печерская (с Киево-Печерскими чудотворцами);True;40,4 х 39,8 см;Кирилл Уланов;Дерево, темпера;Киево-печерские святые: преподобный Антоний (+1073), преподобный Феодосий (+1074), преподобные Ефрем Евнух, еп. Переяславский (+1097), Исайя, еп. Ростовский (+1090), Стефан, игумен Печерский (+1094), Никита затворник, еп. Новгородский (+1108), Дамиан, целебник Печерский (+1071), Иеремия, прозорливый (+1070), Матфей, прозорливый (+1085), Варлаам, первый игумен Печерский (+1065), Исаакий, затворник (+1090), Иоанн, многострадальный (+1160), Прохор, лебедник (+1107), Марк, гробокопатель и Феофил (11-12 вв.), Спиридон и Никодим, просфорники печерские (12 в.), Кукша, свящмч. (+1114), Лаврентий, затворник(13-14 вв.), Афанасий, затворник (13 в.), Никола, святоша (+1143), Нифонт, еп. Новгородский (+1156), Симон, еп. Владимирский и Суздальский (+1226), Никон, игумен Печерский (+1088), Поликарп, архим. Печерский (+1182), Никодим (?), Алимпий, иконописец (+1114), Агапит, врач (11 в.), Григорий, чуд. (+1093), Моисей Угрин (+1043), Феодор и Василий, прпмуч. (+1098), Пимен, многоболезный (+1110), Евстратий, постник и мч. (+1097), Никон Сухой (12в.), Еразм (+1190), Нестор, летописец (+1114);1721 г.;18;Россия;Государственный Владимиро-Суздальский историко-архитектурный и художественный музей-заповедник;Богоматерь;Многофигурное;Святители (Печерская Богоматерь, с киевскими святыми)
513;Силуамская;False;123 x 82,5 см;Мастера Оружейной палаты Московского Кремля;Дерево, темпера;Спаситель, Богоматерь, ангелы;первая четверть;18;Россия;Государственный музей истории религии, Санкт-Петербург;Богоматерь;Поясное;None
518;Собор Богоматери;False;49,5 x 21 см;Михаил Фунтусов;Дерево, темпера;Спаситель, Богоматерь, ангелы, пророки, святители;1755 г.;18;Россия;Государственный Эрмитаж, Санкт-Петербург;Богоматерь;Сюжетная композиция;None
524;Страстная;True;105 х 77,7 см;Мастер Иеремия;Дерево, левкас, темпера;Спаситель, Богородица, ангелы;вторая половина;17;Греция;Государственный Исторический музей, Москва;Богоматерь;Поясное;None
531;Тихвинская (с клеймами чудес);True;145 х 90 см;Кирилл Уланов;Дерево, левкас, темпера;Спаситель, Богородица;1697 г.;17;Россия;"Московский государственный объединенный художественный историко-архитектурный и природно-ландшафтный музей-заповедник ""Коломенское""";Богоматерь;Многофигурное;None
541;Тихвинская;False;32 x 29,5 см;Иван Васильев Бессонов;Дерево, темпера;Спаситель, Богоматерь;1763 г.;18;Россия;Частное собрание;Богоматерь;Поясное;None
542;Тихвинская;False;89 x 71 см;Яков Прокопьев Бетелев;Дерево, темпера;Спаситель, Богоматерь;1780 г.;18;Россия;Частное собрание;Богоматерь;Поясное;None
549;Толгская;True;62,4 x 49,0 см;Андреев Иван;Дерево, темпера;Спаситель, Богоматерь;1715 г.;18;Россия;Ярославский государственный историко-архитектурный и художественный музей-заповедник;Богоматерь;Поясное;None
550;Толгская;True;62 х 48,5;Андреев Иван;Дерево, темпера;Спаситель, Богоматерь;1740 - 1750 гг.;18;Россия;Рыбинский государственный историко-архитектурный и художественный музей-заповедник;Богоматерь;Поясное;Спаситель и Богоматерь (Толгская)
551;Толгская;True;63,0 х 48,2 см;Андреев Иван;Дерево, темпера;Спаситель, Богоматерь;1744 г.;18;Россия;Государственный Исторический музей, Москва;Богоматерь;Поясное;None
552;Толгская;True;63,0 х 49,0 см;Вощин Василий Никитин;Дерево, темпера;Спаситель, Богоматерь, преподобный Сергий Радонежский, преподобный Геннадий Костромской, пророк Наум, мученик Андрей Стратилат;1756 г.;18;Россия;Частное собрание, Москва;Богоматерь;Поясное;None
571;Умиление;True;42,8 х 34,4 х 1,8;Школа Андреаса Ритзоса;Дерево, левкас, темпера;Младенец-Христос, Богородица;вторая половина;15;Крит;Собрание Велимезиса;Богоматерь;Поясное;None
584;Феодоровская (с избранными святыми);False;75 х 59 см;Царские изографы;Дерево, темпера;Младенец-Христос, Богородица Фаддей, Никола, Косма, Дамиан и Георгий, Параскева Пятница, Евдокия, Варвара Иоанн Предтеча, Мария Магдалина, Фекла мч. Евстратий, Екатерина, прп. Марфа.;около 1630 г.;17;Россия;Государственная Третьяковская галерея, Москва;Богоматерь;Поясное;None
586;Феодоровская (со сказанием);True;150,4 х 117,5 см;Кинешемцев Гурий Никитин (?);Дерево, темпера;Спаситель, Богоматерь;1680 - 1690 гг.;17;Россия;Костромской государственный историко-архитектурный и художественный музей-заповедник;Богоматерь;Поясное с клеймами;Спаситель и Богоматерь (Феодоровская)
589;Феодоровская;True;31,0 х 28,5 см;Мастерская Г.И. и М.И.Чириковых;Дерево, левкас, темпера;Младенец-Христос, Богородица;1904 г.;20;Россия;Частное собрание В.А. Бондаренко;Богоматерь;Поясное;None
592;Феодоровская;True;64,6 х 49,6 см;Георгий Абрамов;Дерево, темпера;Спаситель, Богоматерь;1703 г.;18;Россия;Государственный Исторический музей, Москва;Богоматерь;Поясное;None
593;Феодоровская;True;63,5 x 47,0 см;Артемьев Никита;Дерево, темпера;Спаситель, Богоматерь;1723 г.;18;Россия;Государственный музей истории религии, Санкт-Петербург;Богоматерь;Поясное;None
594;Феодоровская;True;63,0 х 49,5 см;Вощин Василий Никитин;Дерево, темпера;Спаситель, Богоматерь;1756 г.;18;Россия;Частное собрание, Москва;Богоматерь;Поясное;None
597;Феодоровская;True;64,0 х 48,0 см;Великанов Петр;Дерево, темпера;Спаситель, Богоматерь, священномученик Харлампий, пророк Илия;вторая половина;18;Россия;Государственный Исторический музей, Москва;Богоматерь;Поясное;None
599;Феодоровская;False;66 x 50,5 см;Михаил Пастух;Дерево, темпера;Спаситель, Богоматерь;1793 г.;18;Россия;Музей икон Пресвятой Богородицы;Богоматерь;Поясное;None
600;Феодоровская;False;65 x 47,5 см;Монах Варлаам;Дерево, темпера;Спаситель, Богоматерь;1723 г.;18;Россия;Государственный музей истории религии, Санкт-Петербург;Богоматерь;Поясное;None
607;Черниговская-Ильинская;False;177 х 113 см;Мастер Оружейной палаты Московского Кремля;Дерево, темпера;Спаситель, Богоматерь;1718 г.;18;Россия;Государственная Третьяковская галерея, Москва;Богоматерь;Поясное с клеймами;None
608;Шуйская-Смоленская;False;56 x 43 см;Федор Федотов;Дерево, темпера;Спаситель, Богоматерь;1764 г.;18;Россия;Музей икон Пресвятой Богородицы;Богоматерь;Поясное;None
617;Аарон пророк (из пророческого чина);True;149 х 77 см;Андрей Лаврентьев, Иван Дерма Ярцев;Дерево, темпера, серебро, басма, золочение, оброн, эмаль;Аарон пророк;1509 г.;16;Россия;Софийский собор, Новгород;Святые;Ростовое;None
623;Авель праотец;True;134,6 x 48,7 см;Осипов (Игнатьев) Василий;Дерево, темпера;Праотец Авель;1679 - 1680 гг.;17;Россия;Костромской государственный историко-архитектурный и художественный музей-заповедник;Святые;Ростовое;None
636;Александр Невский;False;31 х 26 см;В.П.Гурьянов;Дерево, темпера;Благоверный князь Александр Невский;1903 г.;20;Россия;Частное собрание В.А. Бондаренко;Святые;Поясное;None
639;Александр Невский, Феодор Стратилат;False;63,5 x 49,5 см;Иван Егоров Греков;Дерево, масло;Спаситель, ангелы, благоверный князь Александр Невский, великомученик Феодор Стратилат;третья четверть;18;Россия;Государственная Третьяковская галерея, Москва;Святые;Ростовое;None
640;Александр Ошевенский и Макарий Унженский;False;88 x 69,5 см;Артель И. И. Богданова-Карбатовского;Дерево, темпера;Спаситель, преподобный Александр Ошевенский, преподобный Макарий Унженский;конец;18;Россия;Частное собрание;Святые;Ростовое;None
646;Александр со сценами его мучения;False;37 х 27,5 х 2,2 см.;Константинос Контаринис;Дерево, темпера;Первомученик Александр.;1699 - 1738 гг.;17;Греция;Собрание Велимезиса;Святые;Сюжетная композиция;None
650;Алексий, митрополит Московский;False;172 х 107 см;Георгий Зиновьев (?);Дерево, темпера;Алексий, митрополит Московский;вторая половина;17;Россия;Государственная Третьяковская галерея, Москва;Святые;Ростовое;None
653;Алексий, митрополит Московский;True;127 х 98 см;Иван Калычев;Дерево, темпера;Святитель Алексий, митрополит Московский;1716 г.;18;Россия;Костромской государственный историко-архитектурный и художественный музей-заповедник;Святые;Ростовое;None
655;Алексий, митрополит Московский;False;147 x 74 см;Иван Артемьев Гусятников;Дерево, темпера;Спаситель, ангелы, святитель Алексий, митрополит Московский;1748 г.;18;Россия;Государственный музей истории религии, Санкт-Петербург;Святые;Ростовое;None
656;Алексий, митрополит Московский;False;49,5 x 35 см;Василий Иванов Василевский;Дерево, масло;Ангелы, святитель Алексий Московский;1758 г.;18;Россия;Государственный Исторический музей, Москва;Святые;Ростовое;None
662;Алексий, митрополит Московский, в житии;False;197 х 152 см;Дионисий;Дерево, темпера;Святитель Алекий Московский;1480 - 1490 гг.;15;Россия;Государственная Третьяковская галерея, Москва;Святые;Ростовое с клеймами;Алексий Московский, Алексий Московский исцеляет Тайдулу, Алексий Московский с народом, Рождество Алексия Московского
667;Алексий, человек Божий, в житии;False;114 x 54 см;Медианов Петр;Дерево, темпера;Преподобный Алексий, человек Божий;1851 г.;19;Россия;Пермская государственная художественная галерея;Святые;Сюжетная композиция с клеймами;None
682;Андрей Первозванный;True;29,3 х 26,2 х 2,5;Школа Михаила Дамаскиноса;Дерево, темпера;Апостол Андрей Первозванный;около 1570 г.;16;Крит;Музей Бенаки, Афины;Святые;Оглавное или оплечное;None
689;Анна Кашинская;False;27,3 х 22,7 см;Мастерская А.Узикова;Дерево, масло, серебро, чеканка;Преподобная Анна Кашинская;1910 - 1920 гг.;20;Россия;Государственный Эрмитаж, Санкт-Петербург;Святые;Ростовое;None
692;Антипа Пергамский;False;34,6 х 23,4 х 1,8;Константинос Контаринис;Дерево, темпера;Святой Антипа Пергамский;1738 г.;18;Греция;Собрание Велимезиса;Святые;Ростовое;Антипа священномученик
699;Антоний Великий;False;86,5 х 67 см;Михаил Дамаскинос;Дерево, темпера;Преподобный Антоний Великий;вторая половина;16;Греция;Византийский и христианский музей, Афины;Святые;Поясное;None
708;Артемий Веркольский и Уар мученик;False;33 х 28 см;Никита Павловец (?);Дерево, темпера;Праведный Артемий Веркольский, мученик Уар;около 1670 г.;17;Россия;Государственная Третьяковская галерея, Москва;Святые;Многофигурное;None
713;Артемон священномученик;False;122 х 77,4 см;Симон Ушаков;Дерево, темпера;Артемон Лаодикийский священномученик;1670 - 1680 гг.;17;Россия;Частное собрание;Святые;Поясное;None
725;Борис и Глеб;False;131 х 112,5 см;Евдоким Пономарев;Дерево, темпера;Страстотерпец князь Борис, страстотерпец князь Глеб;около 1700 г.;17;Россия;Частное собрание;Святые;Многофигурное;None
738;Варвара великомученица;True;92,0 х 43,0 см;Патракеев Филипп;Дерево;Ангел, великомученица Варвара;1794 г.;18;Россия;"Музей-заповедник ""Щелыково""";Святые;Ростовое;None
741;Варвара великомученица, в житии;False;83,5 x 64 см;Иван Васильев Бессонов;Дерево, темпера;Великомученица Варвара;1753 г.;18;Россия;Государственный музей истории религии, Санкт-Петербург;Святые;Ростовое с клеймами;Варвара великомученица
762;Василий Великий (из деисусного чина);True;233 х 103 см;Андрей Лаврентьев, Иван Дерма Ярцев;Дерево, темпера;Святитель Василий Великий;1509 г.;16;Россия;Софийский собор, Новгород;Святые;Ростовое;None
770;Василий Великий, Архип Колоссянский и Иерапольский, Анастасия Узорешительница;False;93 х 74 см;Тимофей Данилов Ивановских;Дерево, темпера;Спаситель, святитель Василий Великий, священномученик Архип Колоссянский и Иерапольский, великомученица Анастасия Узорешительница;1729 г.;18;Россия;Пермская государственная художественная галерея;Святые;Ростовое;None
780;Василий Великий, Григорий Богослов, Иоанн Златоуст;True;142 х 104 см;Семен Хромой;Дерево, темпера;Святитель Василий Великий, святитель Иоанн Златоуст, святитель Григорий Богослов;до 1616 г.;17;Россия;Пермская государственная художественная галерея;Святые;Ростовое;None
786;Василий Мангазейский;False;31,5 x 26,5 см;Федор Попов;Дерево, темпера;Спаситель, мученик Василий Мангазейский;1782 г.;18;Россия;Частное собрание;Святые;Поясное;None
789;Вениамин праотец;True;133,8 x 47,0 см;Осипов (Игнатьев) Василий;Дерево, темпера;Праотец Вениамин;1679 - 1680 гг.;17;Россия;Костромской государственный историко-архитектурный и художественный музей-заповедник;Святые;Ростовое;Вениамин праотец
809;Вукол Смирнский;False;32 x 27,5 см;Егор Иванов Грек;Дерево, темпера;Спаситель, Богородица, праведный Симеон Богоприимец, праведная Анна Пророчица, праведный Иосиф Обручник, святитель Вукол Смирнский;1739 г.;18;Россия;Центральный музей древнерусской культуры и искусства имени Андрея Рублева, Москва;Святые;Ростовое;Город Смирна
810;Гедеон пророк (из пророческого ряда);True;150 х 88 см;Андрей Лаврентьев, Иван Дерма Ярцев;Дерево, темпера, серебро, басма, золочение, оброн, эмаль;Гедеон пророк;1509 г.;16;Россия;Софийский собор, Новгород;Святые;Ростовое;None
811;Геннадий Костромской и Любимоградский, в житии;False;162 х 140,5 см.;Круг Гурия Никитина;Дерево, темпера;Геннадий Костромской и Любимоградский;1680 - 1690 гг.;17;Россия;Частное собрание;Святые;Ростовое с клеймами;None
812;Геннадий Костромской;False;54,5 х 35,5 см;В.П.Гурьянов;Дерево, темпера;Преподобный Геннадий Костромской и Любимоградский;1900 г.;19;Россия;Государственный Исторический музей, Москва;Святые;Ростовое;None
813;Георгий (Чудо Георгия о змие и чудо Димитрия Солунского);False;31 х 28 см;Никита Павловец;Дерево, темпера;Вмч Георгий, вмч Димитрий Солунский;около 1670 г.;17;Россия;Государственная Третьяковская галерея, Москва;Святые;Многофигурное;None
816;Георгий (Чудо Георгия о змие);True;53,4 х 42,4 см;Цангаропулос;Дерево, темпера;Великомученик Георгий;1635 г.;17;Греция;Государственный музей истории религии, Санкт-Петербург;Святые;Конное;None
824;Георгий (Чудо Георгия о змие);False;35,2 х 29,8 см;Никифор Савин;Дерево, темпера;Спаситель, великомученик Георгий;первая треть;17;Россия;Государственный Русский музей, Санкт-Петербург;Святые;Многофигурное;Царь со свитой (Чудо Георгия о змие)
833;Георгий (Чудо Георгия о змие);True;106 x 101,5 см;Иоасаф Клепиков;Дерево, темпера;Великомученик Георгий;1707 г.;18;Россия;Вологодский государственный историко-архитектурный и художественный музей-заповедник;Святые;Многофигурное;None
849;Георгий;True;32 х 26 см;Иоанн Ламбардос (?);Дерево, темпера;Великомученик Георгий;вторая половина;16;Греция;Государственный музей изобразительных искусств имени А.С.Пушкина, Москва;Святые;Ростовое;None
859;Георгий;True;230,5 х 92,0 см;Патракеев Филипп;Дерево;Великомученик Георгий;1794 г.;18;Россия;"Музей-заповедник ""Щелыково""";Святые;Ростовое;None
870;Георгий, Никола Чудотворец, Параскева Пятница;False;47,0 х 37,5 см;Русский север;Дерево, левкас, темпера, тиснение;Георгий вмч., Николай Чудотворец, Параскева Пятница;первая треть;17;Россия;Частное собрание Игоря Возякова;Святые;Ростовое;None
894;Говделаас (Гаведдай);True;20,7 х 15,6 х 2,3;Круг Эммануила Тзанеса;Дерево, темпера;Святой Говделаас (Гаведдай);вторая половина;17;Крит;Музей Бенаки, Афины;Святые;Поясное;None
898;Григорий Богослов (из деисусного чина );False;155 х 60 см;Дионисий;Дерево, темпера;Святитель Григорий Богослов;около 1502 г.;16;Россия;Государственный Русский музей, Санкт-Петербург;Святые;Ростовое;None
907;Давид пророк;False;96 x 40 см;Андрей Меркурьев Поспелов, Филипп Артемьев Попов;Дерево, темпера;Пророк Давид;1727 - 1728 гг.;18;Россия;Государственный музей истории, Санкт-Петербург;Святые;Ростовое;None
920;Даниил пророк;False;Высота 67 см;Новгородская школа;Дерево, темпера;Пророк Даниил;1497 г.;15;Россия;Государственная Третьяковская галерея, Москва;Святые;Поясное;None
924;Даниил, Иеремия, Исаия пророки;True;62,5 х 137,5 см;Дионисий (?);Дерево, темпера;Прор. Даниил, прор. Иеремия, прор. Исайя;около 1502 г.;16;Россия;Кирилло-Белозерский историко-архитектурный и художественный музей-заповедник;Святые;Поясное;None
926;Девора пророчица;False;63 x 73 см;Андрей Меркурьев Поспелов, Филипп Артемьев Попов;Дерево, темпера;Пророчица Девора;1728 - 1729 гг.;18;Россия;Государственный музей истории, Санкт-Петербург;Святые;Оглавное или оплечное;None
927;Девять мучеников Кизических;False;31,8 x 27,0 см;Липин Иван Федоров;Дерево, темпера;Мученик Феогнид, мученик Руф, мученик Антипатр, мученик Феостих, мученик Артема, мученик Магн, мученик Феодот, мученик Фавмасий, мученик Филимон, преподобный Марон Сирийский, мученица царица Ирина;середина;18;Россия;Церковно-Археологический кабинет Московской Православной Духовной Академии;Святые;Сюжетная композиция;None
938;Димитрий Ростовский;False;37 x 30 см;Ефим Денисов;Дерево, темпера;Святитель Димитрий Ростовский;конец;18;Россия;"Московский государственный объединенный художественный историко-архитектурный и природно-ландшафтный музей-заповедник ""Коломенское""";Святые;Поясное;None
940;Димитрий Ростовский;False;56 x 46,5 см;Алексей Турунтаев;Дерево, темпера;Святитель Димитрий Ростовский;1768 г.;18;Россия;Частное собрание;Святые;Ростовое;None
948;Димитрий Солунский и Димитрий Угличский;False;31,6 х 27,7 см;Прокопий Чирин;Дерево, темпера;Великомученик Димитрий Солунский, благоверный царевич Димитрий;1620 г.;17;Россия;Дом-музей П. Д. Корина (Государственная Третьяковская галерея);Святые;Ростовое;None
949;Димитрий Солунский и Мария преподобная;False;47 x 27,5 см;И. Иванов (Илья Иванов Филатьев?);Дерево, темпера;Спаситель, Богоматерь, ангелы, великомученик Димитрий Солунский, преподобная Мария;1743 г.;18;Россия;Центральный музей древнерусской культуры и искусства имени Андрея Рублева, Москва;Святые;Ростовое;None
967;Димитрий Солунский;False;88 х 52 см;Панселин (?);Дерево, темпера;Великомученик Димитрий Солунский;1300 г.;14;Византия;Афон, монастырь Ватопед;Святые;Поясное;Димитрий Солунский
970;Димитрий Солунский;False;37 х 34 см;Заонежская школа;Дерево, темпера;Великомученик Димитрий Солунский;середина;17;Россия;Музей изобразительных искусств Республики Карелия, Петрозаводск;Святые;Сюжетная композиция;None
972;Димитрий Солунский, Никола Чудотворец, Иоанн Воин, Екатерина великомученица;True;30,7 х 25,7 см;Дмитрий Яковлев Молчанов;Дерево, левкас, темпера;Дмитрий Солунский Никола Чудотворец Иоанн Воин Екатерина великомученица;1734 г.;18;Россия;Частное собрание А.В. Анисимовой;Святые;Ростовое;None
983;Димитрий царевич;True;153 х 77,8 см;Назарий Истомин Савин;Дерево, темпера;Царевич Димитрий Угличский;1621 - 1622 гг.;17;Россия;Сольвычегодский историко-художественный музей;Святые;Ростовое;None
987;Димитрий Ростовский;True;132,5 х 64,5 см;Вощин Василий Никитин;Дерево, темпера;Святитель Димитрий Ростовский;1759 г.;18;Россия;Костромской государственный историко-архитектурный и художественный музей-заповедник;Святые;Ростовое;None
999;Евфросиния Суздальская, в житии;False;151,5 х 105 см;Палех;Дерево, темпера;Евфросиния Суздальская;Последняя четверть;19;Россия;Частное собрание;Святые;Ростовое с клеймами;None
1001;Екатерина великомученица и Анна пророчица;False;90 x 77,5 см;Иван Яковлевич Вишняков, Алексей Петрович Антропов, Иван Иванович Вельский и др.;Дерево, масло;Великомученица Екатерина, пророчица Анна;1748 - 1751 гг.;18;Россия;Санкт-Петербургская епархия;Святые;Ростовое;None
1002;Екатерина великомученица;False;42 х 35 см;Мастер Филофей;Дерево, темпера;Великомученица Екатерина;1560 - 1570 гг.;16;Греция;Государственный Эрмитаж, Санкт-Петербург;Святые;Ростовое;None
1005;Екатерина великомученица;False;94 x 67,5 см;Алексей Андреев;Дерево, темпера;Спаситель, великомученица Екатерина;1719 г.;18;Россия;Государственный музей истории религии, Санкт-Петербург;Святые;Ростовое;Екатерина великомученица
1007;Екатерина великомученица;False;62 x 37 см;Григорий Агапов;Дерево, темпера;Великомученица Екатерина;1726 г.;18;Россия;Государственный Исторический музей, Москва;Святые;Ростовое;None
1011;Екатерина великомученица;True;90 х 40 см;Алексей Колмогоров;Дерево, темпера;Спаситель, Богородица, вмц.Екатерина;около 1778 г.;18;Россия;Вологодский государственный историко-архитектурный и художественный музей-заповедник;Святые;Ростовое;None
1024;Захария и Елизавета праведные;False;89 х 77,5 см;Иван Яковлевич Вишняков, Алексей Петрович Антропов, Иван Иванович Вельский и др.;Дерево, масло;Праведный Захария, праведная Елисавета;1748 - 1751 гг.;18;Россия;Санкт-Петербургская епархия;Святые;Ростовое;None
1025;Захария и Иаков пророки;True;150 х 85;Андрей Лаврентьев, Иван Дерма Ярцев;Дерево, темпера, серебро, басма, золочение, оброн, эмаль;Пророки Захария и Иаков;1509 г.;16;Россия;Софийский собор, Новгород;Святые;Ростовое;None
1036;Зосима и Савватий Соловецкие;False;130 х 101 см;Иван Григорьев Марков;Дерево, темпера;Спаситель, преподобный Зосима Соловецкий, преподобный Савватий Соловецкий;1709 г.;18;Россия;Вологодский государственный историко-архитектурный и художественный музей-заповедник;Святые;Ростовое;None
1042;Иаков Боровический, праведный;False;104,2 х 36,2 см;Новгород;Дерево, левкас, темпера;Иаков Боровический, прав.;первая треть;17;Россия;Частное собрание Игоря Возякова;Святые;Ростовое;None
1047;Иаков праотец (из праотеческого чина);True;153 х 67 см;Ждан Дементьев;Дерево, темпера;Праотец Иаков;1630 г.;17;Россия;Кирилло-Белозерский историко-архитектурный и художественный музей-заповедник;Святые;Ростовое;None
1052;Иаков, брат Господень;False;21,4 х 16 х 1,5;Ионические острова;Дерево, темпера;Иаков, брат Господень;конец;18;Греция;Собрание Велимезиса;Святые;Ростовое;None
1053;Иаков, брат Господень;False;103 х 60 см;Андреас Карантинос;Дерево, темпера;Апостол Иаков;первая половина;18;Греция;Византийский и христианский музей, Афины;Святые;Ростовое;None
1057;Иезекииль пророк (из пророческого ряда);True;150 х 89;Андрей Лаврентьев, Иван Дерма Ярцев;Дерево, темпера, серебро, басма, золочение, оброн, эмаль;Иезекииль пророк;1509 г.;16;Россия;Софийский собор, Новгород;Святые;Ростовое;None
1059;Иеремия пророк (из пророческого ряда);True;150 х 87;Андрей Лаврентьев, Иван Дерма Ярцев;Дерево, темпера, серебро, басма, золочение, оброн, эмаль;Иеремия пророк;1509 г.;16;Россия;Софийский собор, Новгород;Святые;Ростовое;None
1063;Иисус Навин;False;62,5 x 73 см;Андрей Меркурьев Поспелов, Филипп Артемьев Попов;Дерево, темпера;Праведный Иисус Навин;1728 - 1729 гг.;18;Россия;Государственный музей истории, Санкт-Петербург;Святые;Оглавное или оплечное;None
1064;Илия пророк (из пророческого ряда);True;150 х 76;Андрей Лаврентьев, Иван Дерма Ярцев;Дерево, темпера, серебро, басма, золочение, оброн, эмаль;Илия Пророк;1509 г.;16;Россия;Софийский собор, Новгород;Святые;Ростовое;None
1068;Илия пророк;False;75 х 57 см;Новгородская школа;Дерево, темпера;Пророк Илия;конец;14;Россия;Государственная Третьяковская галерея, Москва;Святые;Поясное;None
1077;Илия пророк в пустыне;False;167 х 150 см;Федор Зубов, Осип Зубов;Дерево, темпера;Пророк Илия;1660 г.;17;Россия;Храм Ильи Пророка, Ярославль;Святые;Ростовое с клеймами;None
1078;Илия пророк;False;46 х 36 см;Федор Зубов;Дерево, темпера;Пророк Илья;1672 г.;17;Россия;Ярославский государственный историко-архитектурный и художественный музей-заповедник;Святые;Ростовое с клеймами;None
1082;Илия пророк, Никола Мирликийский и Анастасия Римляныня;False;66 х 50 см;Новгородская школа;Дерево, темпера;Илия Пророк, Николай Мирликийский и Анастасия Римляныня;начало;15;Россия;Государственная Третьяковская галерея, Москва;Святые;Многофигурное;None
1089;Илия пророк, в житии;False;145 х 113 см;Семен Спиридонов Холмогорец;Дерево, темпера;Пророк Илья;1679 г.;17;Россия;Ярославский государственный историко-архитектурный и художественный музей-заповедник;Святые;Ростовое с клеймами;None
1113;Иоанн Богослов в молчании;False;109 х 85 см;Нектарий Кулюксин;Дерево, темпера;Апостол Иоанн Богослов;1679 г.;17;Россия;Государственный Эрмитаж, Санкт-Петербург;Святые;Поясное;None
1138;Иоанн Богослов, в житии;True;122 x 110,5 см;Аксен Федоров Попов;Дерево, темпера;Ангел, апостол Иоанн Богослов, апостол Прохор;вторая половина;17;Россия;Белозерский областной краеведческий музей;Святые;Многофигурное;None
1159;Иоанн Златоуст (из деисусного чина);True;232 х 102;Андрей Лаврентьев, Иван Дерма Ярцев;Дерево, темпера;Иоанн Златоуст;1509 г.;16;Россия;Софийский собор, Новгород;Святые;Ростовое;None
1168;Иоанн Златоуст;False;137 х 74 см;Илья Киприянов (Куприянов);Дерево, темпера;Святитель Иоанн Златоуст;1733 г.;18;Россия;Государственный Владимиро-Суздальский историко-архитектурный и художественный музей-заповедник;Святые;Ростовое;None
1173;Иоанн Златоуст, в житии;False;155 х 67 см;Семен Спиридонов Холмогорец;Дерево, темпера;Свт. Иоанн Златоуст;1680 г.;17;Россия;Ярославский государственный историко-архитектурный и художественный музей-заповедник;Святые;Ростовое с клеймами;None
1187;Иоанн Предтеча (из деисусного чина);False;113,5 х 42 см;Мастерская Троице-Сергиева монастыря в Климентовской слободе в Москве;Дерево, темпера;Пророк Иоанн Предтеча;первая половина;17;Россия;Центральный музей древнерусской культуры и искусства имени Андрея Рублева, Москва;Святые;Ростовое;None
1188;Иоанн Предтеча (из деисусного чина);False;210 х 109 см;Феофан Грек (?);Дерево, темпера;Иоанн Предтеча;14 - 15 вв.;14;Россия;Благовещенский собор Московского Кремля;Святые;Ростовое;Иоанн Предтеча
1195;Иоанн Предтеча (из деисусного чина);True;235 х 114;Мастер Аарон, Феофанов (?) сын;серебро, басма, золочение, оброн, эмаль;Пророк Иоанн Предтеча;1438 г.;15;Россия;Софийский собор, Новгород;Святые;Ростовое;None
1201;Иоанн Предтеча (из деисусного чина);True;157 х 60 см;Дионисий;Дерево, темпера;Иоанн Предтеча;около 1502 г.;16;Россия;Государственная Третьяковская галерея, Москва;Святые;Ростовое;None
1213;Иоанн Предтеча Ангел пустыни;True;32 х 26;Федор Зубов;Дерево, темпера;Пророк Иоанн Предтеча;середина;17;Россия;"Государственный музей-заповедник ""Ростовский Кремль""";Святые;Поясное;None
1217;Иоанн Предтеча Ангел пустыни;False;35 x 30 см;Василий Колмогоров;Дерево, темпера;Пророк Иоанн Предтеча;1769 г.;18;Россия;Частное собрание;Святые;Ростовое;None
1218;Иоанн Предтеча Ангел пустыни;False;128 x 99 см;Иван Иванов Богданов-Карбатовский;Дерево, темпера;Пророк Иоанн Предтеча;1800 г.;18;Россия;"Государственное музейное объединение ""Художественная культура Русского Севера"", Архангельск";Святые;Ростовое;None
1223;Иоанн Предтеча Ангел пустыни, с житием;True;146,8 х 88,0 см;Круг Гурия Никитина;Дерево, темпера;Пророк Иоанн Предтеча;около 1687 г.;17;Россия;Костромской государственный историко-архитектурный и художественный музей-заповедник;Святые;Ростовое;None
1224;Иоанн Предтеча Ангел пустыни, с житием;True;125,0 x 75,0 см;Никитин Василий;Дерево, темпера;Спаситель, пророк Иоанн Предтеча;1714 г.;18;Россия;Государственный музей палехского искусства;Святые;Ростовое с клеймами;None
1227;Иоанн Предтеча и Олимпиада диаконисса;False;31,2 х 26,7 см;М.И.Дикарев;Дерево, темпера;Пророк Иоанн Предтеча, диаконисса Олимпиада;Конец;19;Россия;Частное собрание В.А. Бондаренко;Святые;Многофигурное;None
1248;Иоанн Предтеча;False;85,3 х 34,6 см;Ростовские земли;Дерево, левкас, темпера;Иоанн Предтеча;16 - 17 вв.;16;Россия;Частное собрание Игоря Возякова;Святые;Ростовое;None
1264;Иоанн Предтеча, в житии;True;108,5 x 95см;Михаил и Димитрий Белозерцы;Дерево, темпера;Спаситель, Иоанн Предтеча, прав.Захария, прав.Елисавета;1690 - 1691 гг.;17;Россия;Белозерский областной краеведческий музей;Святые;Ростовое с клеймами;None
1270;Иоанн и Прокопий Устюжские;False;37,5 x 31 см;Сергей Гоголицын;Дерево, темпера, серебро,чеканка;Ангелы, парведный ИоаннУстюжский, праведный Прокопий Устюжский;1794 г.;18;Россия;Частное собрание;Святые;Ростовое;None
1274;Иоасаф Белгородский;True;22,2 х 13,4 см;Мастер школы М.И.Дикарева (?) из Мстеры;Дерево, темпера;Святитель Иоасаф Белгородский;Конец;19;Россия;Государственный Исторический музей, Москва;Святые;Ростовое;None
1276;Иов праотец;True;132,5 х 146,5 см;Осипов (Игнатьев) Василий;Дерево, темпера;Праотец Иов;1679 - 1680 гг.;17;Россия;Костромской государственный историко-архитектурный и художественный музей-заповедник;Святые;Ростовое;None
1277;Иоиль пророк (из пророческого ряда);True;150 х 89;Андрей Лаврентьев, Иван Дерма Ярцев;Дерево, темпера, серебро, басма, золочение, оброн, эмаль;Пророк Иоиль;1509 г.;16;Россия;Софийский собор, Новгород;Святые;Ростовое;None
1281;Иона пророк (из пророческого ряда);True;150 х 76 см;Андрей Лаврентьев, Иван Дерма Ярцев;Дерево, темпера, серебро, басма, золочение, оброн, эмаль;Пророк Иона;1509 г.;16;Россия;Софийский собор, Новгород;Святые;Ростовое;None
1286;Иосиф Песнописец, Георгий Малеин;False;31,5 x 26 см;Алексей Мартынов Сафьянников;Дерево, темпера;Спаситель, преподобный Иосиф Песнописец, преподобный Георгий Малеин;1750 г.;18;Россия;Центральный музей древнерусской культуры и искусства имени Андрея Рублева, Москва;Святые;Ростовое;None
1287;Иосиф праотец;True;135,0 x 48,0 см;Осипов (Игнатьев) Василий;Дерево, темпера;Праотец Иосиф;1679 - 1680 гг.;17;Россия;Костромской государственный историко-архитектурный и художественный музей-заповедник;Святые;Ростовое;None
1293;Исаак (из праотеческого чина);True;153 х 63 см;Ждан Дементьев;Дерево, темпера;Праотец Исаак;1630 г.;17;Россия;Кирилло-Белозерский историко-архитектурный и художественный музей-заповедник;Святые;Ростовое;None
1294;Исаак праотец;True;133,7 x 47,5 см;Осипов (Игнатьев) Василий;Дерево, темпера;Праотец Исаак;1679 - 1680 гг.;17;Россия;Костромской государственный историко-архитектурный и художественный музей-заповедник;Святые;Ростовое;None
1296;Исаакий Далматский;False;37 х 32 см;Максим Архиповский;Дерево, темпера;Исаакий Далматский, прп.;1833 г.;19;Россия;Дом-музей П. Д. Корина (Государственная Третьяковская галерея);Святые;Ростовое с клеймами;None
1299;Исаия пророк (из пророческого ряда);True;150 х 89;Андрей Лаврентьев, Иван Дерма Ярцев;Дерево, темпера, серебро, басма, золочение, оброн, эмаль;Пророк Исаия;1509 г.;16;Россия;Софийский собор, Новгород;Святые;Ростовое;None
1306;Кассиан Угличский;True;32,3 х 26;Андрей Яковлев;Дерево, темпера;Преподобный Кассиан Грек, Угличский чудотворец;1739 г.;18;Россия;Рыбинский государственный историко-архитектурный и художественный музей-заповедник;Святые;Ростовое;Кассиан Угличский
1310;Кирик и Иулитта;True;107,0 x 90,0 см;Гурий Никитин Кинешемцев (?);Дерево, темпера;Мученик Кирик, мученица Иулитта;1680 - 1690 гг.;17;Россия;Ярославский государственный историко-архитектурный и художественный музей-заповедник;Святые;Ростовое с клеймами;Усекновение главы мученицы Улиты
1315;Кирилл Александрийский;False;24 х 15 см;Эммануил Тзанес;Дерево, темпера;Свт Кирилл Александрийский;1648 г.;17;Греция;Византийский и христианский музей, Афины;Святые;Ростовое;None
1322;Кирилл Новоезерский;False;13,5 x 9 см;Феодот Протопопов Ухтомский;Дерево, темпера;Спаситель, преподобный Кирилл Новоезерский;1704 г.;18;Россия;"Музей-заповедник ""Дмитровский кремль""";Святые;Ростовое;None
1329;Климент, папа Римский и Петр Александрийский;False;214 х 106 см;Федот Лукич Колокольников;Дерево, масло;Священномученик Климент, папа Римский, священномученик Петр Александрийский;1755 - 1760 гг.;18;Россия;Санкт-Петербургская епархия;Святые;Ростовое;None
1354;Левий праотец;True;134,6 x 47,3 см;Осипов (Игнатьев) Василий;Дерево, темпера;Праотец Левий;1679 - 1680 гг.;17;Россия;Костромской государственный историко-архитектурный и художественный музей-заповедник;Святые;Ростовое;None
1356;Леонид Оптинский (портрет);False;28,5 х 23,5 см;Иеромонах Гавриил (?);Холст, масло;Преподобный Леонид Оптинский;Вторая треть;19;Россия;Российская Государственная библиотека, Москва;Святые;Поясное;None
1365;Леонтий Ростовский, Михаил Архангел и Иоанн Кущник;False;35,8 х 29 см;Максим Федоров Архиповский;Дерево, темпера;Святитель Леонтий Ростовский, архангел Михаил, преподобный Иоанн Кущник;Первая половина;19;Россия;Частное собрание В.А. Бондаренко;Ангелы;Многофигурное;None
1373;Лука апостол;False;48,9 х 40,0 см;Северо-Восточная Русь (Ростовские земли?);Дерево, левкас, темпера;Лука, апостол;первая половина;16;Россия;Частное собрание Игоря Возякова;Святые;Сюжетная композиция;None
1385;Макарий Желтоводский;False;35,6 х 30,5 см;М.И.Дикарев;Дерево, темпера;Преподобный Макарий Желтоводский;начало;20;Россия;Частное собрание В.А. Бондаренко;Святые;Ростовое;None
1390;Макарий Оптинский (портрет);False;28,5 х 24,5 см;Иеромонах Гавриил;Холст, масло;Преподобный Макарий Оптинский;1854 г.;19;Россия;Российская Государственная библиотека, Москва;Святые;Поясное;None
1400;Максим Исповедник и Феодор, Давид, Константин, князья Ярославские;False;144 x 66 см;Иван Лаврентьев;Дерево, темпера;Преподобный Максим Исповедник, благоверные князья Федор, Давид и Константин;1777 г.;18;Россия;Вологодский государственный историко-архитектурный и художественный музей-заповедник;Святые;Ростовое;Давид Ярославский, Константин Ярославский
1402;Максим Исповедник, в житии;True;197,3 х 157,2 см;Истома Гордеев (?);Дерево, темпера;Максим Исповедник;конец;16;Россия;Сольвычегодский историко-художественный музей;Святые;Ростовое с клеймами;Максим Исповедник возвращается в Константинополь, Максим Исповедник перед императором
1407;Марина великомученица, в житии;False;104 х 74,5 см;Лазарос;Дерево, темпера;Спаситель, ангел, великомученица Марина;1857 г.;19;Греция;Византийский и христианский музей, Афины;Святые;Ростовое;None
1431;Матфей апостол (на обороте Сретение);True;50,7 х 41,2 х 0,6;Школа Феофана;Дерево, темпера;Апостол Матфей;середина;16;Крит;Музей Бенаки, Афины;Святые;Поясное;Матфей апостол
1444;Митрофан Воронежский;True;30,5 х 25,5 см;Савва Степанов Кравцов;Дерево, темпера;Святитель Митрофан Воронежский;1837 г.;19;Россия;Центральный музей древнерусской культуры и искусства имени Андрея Рублева, Москва;Святые;Поясное;None
1446;Митрофан Воронежский;False;26 х 20 см;Алексей Тарасов;эмаль, медь, роспись;Святитель Митрофан Воронежский;1865 г.;19;Россия;Частное собрание;Святые;Поясное;None
1459;Моисей пророк (из пророческого ряда);True;150 х 90;Андрей Лаврентьев, Иван Дерма Ярцев;Дерево, темпера, серебро, басма, золочение, оброн, эмаль;Пророк Моисей;1509 г.;16;Россия;Софийский собор, Новгород;Святые;Ростовое;None
1464;Моисей, получающий скрижали;False;132,5 х 69,5 см;Стефанос;Дерево, темпера;Моисей пророк;12 - 13 вв. ;12;Египет;Монастырь святой Екатерины на Синае;Святые;Ростовое;Моисей пророк, Моисей
1466;Мстислав, благоверный князь;False;31 х 25 см;М.И.Дикарев;Дерево, темпера;Благоверный князь Мстислав;1892 г.;19;Россия;Государственный Эрмитаж, Санкт-Петербург;Святые;Ростовое;None
1482;Никита;True;143 х 44,5 см;Григорий;Дерево, темпера;Спаситель, Богородица, вмч. Никита;1610 г.;17;Россия;Пермская государственная художественная галерея;Святые;Ростовое;None
1483;Никита;True;160 х 40,5 см;Никифор Савин;Дерево, темпера;Спаситель, Богородица, вмч. Никита;до 1613 г.;17;Россия;Государственная Третьяковская галерея, Москва;Святые;Ростовое;None
1484;Никита;False;29 х 22 см;Прокопий Чирин;Дерево, темпера;Спаситель, Богородица, вмч. Никита;1593 г.;16;Россия;Государственная Третьяковская галерея, Москва;Святые;Ростовое;None
1487;Никита, велкомученик, в житии;False;134 х 95 см;Феодот Феофанов Ухтомский;Дерево, темпера;Никита, велкомученик;1677 г.;17;Россия;Переславль-Залесский государственный историко-архитектурный и художественный музей-заповедник;Святые;Ростовое с клеймами;Побиение св. Никитой беса в темнице
1534;Никола Чудотворец (из деисусного чина);True;232 х 101;Андрей Лаврентьев, Иван Дерма Ярцев;Дерево, темпера;Николай Чудотворец;1509 г.;16;Россия;Софийский собор, Новгород;Святые;Ростовое;None
1540;Никола Чудотворец (со святыми на полях);False;184 х 129 см;Алекса Петров;Дерево, темпера;Святитель Николай Мирликийский;1294 г.;13;Россия;Новгородский государственный объединенный музей-заповедник;Святые;Поясное с клеймами;Борис, князь страстотерпец, Георгий великомученик, Глеб, князь страстотерпец, Лавр, Спаситель с Евангелием, Спаситель, Флор мученик
1567;Никола Чудотворец;True;194,0 х 115,0 см;Уланов Кирилл (Корнилий) Иванов (?);Дерево, темпера;Святитель Николай Мирликийский;1710 - 1720 гг.;18;Россия;Переславль-Залесский государственный историко-архитектурный и художественный музей-заповедник;Святые;Ростовое;None
1573;Никола Чудотворец;False;113,5 х 69 см;Павел Жуков;Дерево, масло;Спаситель, Богоматерь, святитель Николай Мирликийский;1794 г.;18;Россия;Частное собрание;Святые;Ростовое;None
1574;Никола Чудотворец;False;23,5 х 19 см;Иерей Андрей Ш.;Дерево, масло;Святитель Николай Мирликийский;1788 г.;18;Россия;Частное собрание;Святые;Поясное;None
1575;Никола Чудотворец;False;72 x 63 см;Иван Григорьев и Стефан Иванов Марковы;Дерево, темпера;Спаситель, Богоматерь, святитель Николай Мирликийский;1727 г.;18;Россия;Частное собрание;Святые;Ростовое;None
1576;Никола Чудотворец;False;151 x 110 см;Артемий Петров Кузнецов;Дерево, темпера;Спаситель, Богородица, святитель Николай Мирликийский;1720 г.;18;Россия;Великоустюгский государственный историко-архитектурный и художественный музей-заповедник;Святые;Поясное;None
1582;Никола Чудотворец;True;90 х 37 х 1,8;Эммануил Тзанес;Дерево, темпера;Святитель Николай Мирликийский;1683 г.;17;Греция;Собрание Велимезиса;Святые;Ростовое;Никола Чудотворец
1597;Никола Чудотворец, Александра, Алексий Московский, Мария Магдалина, Ольга княгиня, Татиана, Анастасия;False;37,5 х 31см;Мастерская В.Гурьянова;Дерево, темпера;Святитель Николай Чудотворец, мученица царица Александра, святитель Алексий Московский, Мария Магдалина, княгиня Ольга, мученица Татиана, мученица Анастасия;1913 г.;20;Россия;Государственный Эрмитаж, Санкт-Петербург;Святые;Многофигурное;None
1599;Никола Чудотворец, Власий, Флор и Лавр;False;69 х 57 см;Новгородская школа;Дерево, темпера;Святитель Никола Чудотворец, священномученик Власий, мученики Флор и Лавр;первая половина;15;Россия;Государственная Третьяковская галерея, Москва;Святые;Многофигурное;None
1600;Никола Чудотворец, Димитрий Солунский, Иоанн Воин, Екатерина великомученица;False;30,5 x 25,5 см;Дмитрий Яковлев Молчанов;Дерево, темпера;Спаситель, святитель Николай Мирликийский, великомученик Димитрий Солунский, мученик Иоанн Воин, великомученица Екатерина;1734 г.;18;Россия;Частное собрание;Святые;Ростовое;None
1606;Никола Чудотворец, в житии;False;179 х 152 см;Илларион Севастьянов;Дерево, темпера;Святитель Николай Чудотворец;около 1685 г.;17;Россия;Ярославский государственный историко-архитектурный и художественный музей-заповедник;Святые;Поясное с клеймами;None
1616;Никола Чудотворец, в житии;True;141,3 х 104,6 см;Марков Иван (?);Дерево, темпера;Спаситель, Богоматерь, святитель Николай Мирликийский;1796 г.;18;Россия;Частное собрание, Москва;Святые;Ростовое с клеймами;None
1624;Никола Чудотворец, в житии;True;159 х 130,5 см;Иван Марков, Иван Никифоров;Дерево, темпера;Спаситель, Богородица, святитель Николай Мирликийский;1713 г.;18;Россия;Вологодский государственный историко-архитектурный и художественный музей-заповедник;Святые;Поясное с клеймами;Никола Чудотворец, Никола Чудотворец и воеводы
1632;Никола Чудотворец, в житии;False;171 х 133 см;Семен Спиридонов Холмогорец;Дерево, темпера;Святитель Николай Чудотворец;1682 г.;17;Россия;Ярославский государственный историко-архитектурный и художественный музей-заповедник;Святые;Ростовое с клеймами;None
1635;Никола Чудотворец (в окладе);False;19,0 х 10,4 см;Новгород (?);Дерево, левкас, темпера,серебро, чеканка, гравировка, канфарение, жемчуг, стекла цветные, монтировка;Николай Чудотворец;середина - третья четверть;16;Россия;Частное собрание Игоря Возякова;Святые;Ростовое;None
1637;Никола Чудотворец, с деисусом и 17 клеймами;False;109,5 х 89,7;Поволжье;Дерево, левкас, темпера;Николай Мирликийский, свтит.;середина;17;Россия;Частное собрание Игоря Возякова;Святые;Поясное с клеймами;Спасение патриарха Афанасия от потопления. клеймо 7.
1649;Ной праотец;True;133,3 x 44,6 см;Осипов (Игнатьев) Василий;Дерево, темпера;Праотец Ной;1679 - 1680 гг.;17;Россия;Костромской государственный историко-архитектурный и художественный музей-заповедник;Святые;Ростовое;None
1658;Осия пророк (из пророческого ряда);True;149 х 77;Андрей Лаврентьев, Иван Дерма Ярцев;Дерево, темпера, серебро, басма, золочение, оброн, эмаль;Пророк Осия;1509 г.;16;Россия;Софийский собор, Новгород;Святые;Ростовое;None
1668;Павел апостол (из деисусного чина);False;210 х 117 см;Мастерская Феофана Грека;Дерево, темпера;Апостол Павел;14 - 15 вв. ;14;Россия;Благовещенский собор Московского Кремля;Святые;Ростовое;None
1675;Павел апостол (из деисусного чина);True;233 х 103;Андрей Лаврентьев, Иван Дерма Ярцев;Дерево, темпера;Апостол Павел;1509 г.;16;Россия;Софийский собор, Новгород;Святые;Ростовое;None
1678;Павел апостол (из деисусного чина);False;311 х 104 см;Андрей Рублев;Дерево, темпера;Апостол Павел;1408 г.;15;Россия;Государственный Русский музей, Санкт-Петербург;Святые;Ростовое;None
1679;Павел апостол (из деисусного чина);False;160 х 110 см;Андрей Рублев;Дерево, темпера;Апостол Павел;1410 - 1420 гг.;15;Россия;Государственная Третьяковская галерея, Москва;Святые;Поясное;Павел апостол (Рублев), Павел апостол
1681;Павел апостол;False;135,8 х 56,8 см;Русский север;Дерево, левкас, темпера;Павел, апостол;первая половина;17;Россия;Частное собрание Игоря Возякова;Святые;Ростовое;None
1684;Паисий Великий, в житии;False;35,5 х 31,5 см;Палех (?);Дерево, темпера;Паисий Великий;Середина;19;Россия;Центральный музей древнерусской культуры и искусства имени Андрея Рублева, Москва;Святые;Ростовое с клеймами;None
1728;Петр апостол (из деисусного чина);True;233 х 103;Андрей Лаврентьев, Иван Дерма Ярцев;Дерево, темпера;Апостол Петр;1509 г.;16;Россия;Софийский собор, Новгород;Святые;Ростовое;None
1752;Петр и Павел апостолы;False;196 х 137,5 см;Круг Феофана Грека;Дерево, темпера;Апостол Петр, апостол Павел;14 - 15 вв.;14;Россия;"Государственный историко-культурный музей-заповедник ""Московский Кремль""";Святые;Ростовое;Петр апостол, Павел апостол
1759;Петр и Павел апостолы;False;1,32 х 1,09 inch;Мон. Константин;Дерево, левкас, темпера;Петр и Павел апостолы;1715 г.;18;Греция;Частная коллекция епархии, Верия;Святые;Ростовое;None
1764;Петр и Павел, Петр Московский, Алексий Московский, Филипп Московский, Иона Московский;True;149,0 х 121,5 см;Круг Гурия Никитина Апостолы;Дерево, темпера;Спаситель, Богоматерь, ангелы, пророк Иоанн Предтеча, апостол Петр, апостол Павел, святитель Петр Московский, святитель Алексий Московский, святитель Филипп Московский, святитель Иона Московский;конец;17;Россия;Храм Воскресения на Дебре в Костроме;Святые;Ростовое;None
1771;Петр митрополит Московский, в житии;False;197 х 151 см;Дионисий;Дерево, темпера;Святитель Петр митрополит Московский;1480 - 1490 гг.;15;Россия;"Государственный историко-культурный музей-заповедник ""Московский Кремль""";Святые;Ростовое с клеймами;Петр Московский на море, Петр Московский строит Успенский собор, Видение матери святителя Петра, Приведение во учение, Пострижение в монахи, Монастырские труды святителя Петра, Петр принимает благословление митрополита Максима, Беседа святителя Петра с князем Юрием Галицким, Поставление в митрополиты, Прощение епископа Тверского Андрея, Видение князя Ивана Калиты, Ангел возвещает святителю Петру предстоящую кончину, Завещание святителя Петра о завершение постройки Успенского собора, Погребение святителя Петра, Исцеления у гроба святителя Петра
1773;Петр, Алексей, Иона, Филипп митрополиты Московские и Владимир равноапостольный князь;False;35 х 31см;Осип Чириков;Дерево, темпера;Святитель Петр, святитель Алексей, святитель Иона, святитель Филипп, равноапостольный князь Владимир;1890 г.;19;Россия;Государственный Исторический музей, Москва;Святые;Многофигурное;None
1774;Петр, Алексий, Иона митрополиты Московские, Леонтий Ростовский;False;160 х 121см;Федор Зубов;Дерево, темпера;Спаситель, Богородица, ангелы, святитель Петр, митрополит Московский,святитель Алексий, митрополит Московский, святитель Иона, митрополит Московский, святитель Леонтий Ростовский;1660 г.;17;Россия;Ярославский государственный историко-архитектурный и художественный музей-заповедник;Святые;Многофигурное;None
1787;Прокопий и Иоанн Устюжские;True;27,5 х 22,6 см;Офонасей;Дерево, темпера;Спаситель, Прокопий Устюжский, Иоанн Устюжский;1611 г.;17;Россия;Сольвычегодский историко-художественный музей;Святые;Ростовое;Иоанн Устюжский
1792;Савватий Соловецкий, с житием;False;175 x 145 см;Василий Чалков;Дерево, темпера;Преподобный Савватий Соловецкий;1788 г.;18;Россия;"Московский государственный объединенный художественный историко-архитектурный и природно-ландшафтный музей-заповедник ""Коломенское""";Святые;Ростовое с клеймами;None
1795;Самуил пророк (из пророческого ряда);True;149 х 77;Андрей Лаврентьев, Иван Дерма Ярцев;Дерево, темпера, серебро, басма, золочение, оброн, эмаль;Пророк Самуил;1509 г.;16;Россия;Софийский собор, Новгород;Святые;Ростовое;None
1798;Семь отроков Эфесских;False;35,2 х 29,4 см;Семен Бороздин;Дерево, темпера;Эфесские отроки Максимилан, Ямвоих, Мартиниан, Иоанн, Дионисий, Ексакустодиан, Константин;16 - 17 вв. ;16;Россия;Государственный Русский музей, Санкт-Петербург;Святые;Многофигурное;Горки
1799;Семь отроков Эфесских;True;26,5 х 22 см;Николай и Иван Клыковы;Дерево, темпера, гравировка;Максимилан, Ямвоих, Мартиниан, Иоанн, Дионисий, Ексакустодиан, Константин, отроки ефесские;19 - 20 вв.;19;Россия;Государственный Владимиро-Суздальский историко-архитектурный и художественный музей-заповедник;Святые;Многофигурное;None
1811;Сергий Радонежский;False;31 х 26,7 см;Михаил Нестеров;Дерево, масло;Преподобный Сергий Радонежский;Конец;19;Россия;Частное собрание;Святые;Ростовое;None
1822;Сергий Радонежский, в житии;True;136 х 97,5 см;Мастер Феодосий (?);Дерево, темпера;Преподобный Сергий Радонежский;около 1510 г.;16;Россия;Центральный музей древнерусской культуры и искусства имени Андрея Рублева, Москва;Святые;Ростовое с клеймами;Сергий Радонежский, Изгнание бесов молитвами Сергия Радонежского, Исцеление слепого у гроба Сергия Радонежского, Погребение Сергия Радонежского, Поставление Сергия Радонежского в священники, Сергий Радонежский исцеляет бесноватого вельможу, Сергий Радонежский служит литургию с ангелом, видение Божественного огня на литургии, Явление Богородицы Сергию Радонежскому
1827;Сергий и Никон Радонежские;False;72 х 58 см;Мастерские Троице-Сергиева монастыря (?);Дерево, темпера;Спаситель, преподобный Сергий Радонежский, преподобный Никон Радонежский;первая треть;18;Россия;Частное собрание;Святые;Ростовое;None
1831;Сильвестр,святитель, в житии;False;36 х 31,5 см;Палех;Дерево, темпера;Сильвестр,святитель;1840 г.;19;Россия;Частное собрание;Святые;Ростовое с клеймами;None
1832;Симеон Богоприимец;False;100 х 32 см;Михаил Дамаскин;Дерево, левкас, темпера;Праведный Симеон Богоприимец;вторая половина;16;Крит;Храм св. Матфея Синайского в Ираклионе, Крит;Святые;Ростовое;None
1857;Соломон пророк (из пророческого чина);False;Высота 67 см;Новгородская школа;Дерево, темпера;Пророк Соломон;1497 г.;15;Россия;Государственная Третьяковская галерея, Москва;Святые;Поясное;None
1858;Соломон пророк (из пророческого чина);True;148 х 90;Андрей Лаврентьев, Иван Дерма Ярцев;Дерево, темпера, серебро, басма, золочение, оброн, эмаль;Пророк Соломон;1509 г.;16;Россия;Софийский собор, Новгород;Святые;Ростовое;None
1874;Спиридон Тримифунтский, в житии;False;44,4 х 34,6 х 2,9;Николаос Каллергис;Дерево, темпера;Святитель Спиридон Тримифунтский;1744 г.;18;Греция;Собрание Велимезиса;Святые;Ростовое с клеймами;Мощи святого Спиридона, Святой Спиридон воскрешает дочь, Святой Спиридон обращает змею в золото, Святой Спиридон останавливает проливной дождь, Святой Спиридон повергает ниц Ария, Святой Спиридон предстает царю во сне, Ангел, Спиридон Тримифунтский
1890;Трифон мученик;False;31 х 26,5 см;Мстера;Дерево, темпера;Трифон, мч.;19 - 20 вв.;19;Россия;Центральный музей древнерусской культуры и искусства имени Андрея Рублева, Москва;Святые;Ростовое с клеймами;None
1895;Феодор Стратилат и Агафья;False;37 х 32,4 см;Михаил Милютин;Дерево, темпера, басма;Великомученик Феодор Стратилат, мученица Агафья;1681 г.;17;Россия;Государственный Исторический музей, Москва;Святые;Ростовое;None
1905;Феодор Тирон (Чудо Феодора Тирона);False;35,4 х 30,4 х 2,5;Мастер Никифор Истомин Савин (Строгановская школа);Дерево, темпера;Св. Феодор Тирон;первая половина;17;Россия;Государственный Русский музей, Санкт-Петербург;Святые;Многофигурное;Феодор Тирон и змий
1907;Феодор Тирон (Чудо Феодора Тирона);False;122,8 х 70 см;Ангелос Акотантос;Дерево, темпера;Великомученик Феодор Тирон;середина;15;Греция;Византийский и христианский музей, Афины;Святые;Ростовое;None
1913;Феодор, благоверный князь;False;31 х 25,4 см;Михаил Иванович Дикарев;Дерево, темпера;Благоверный князь Феодор Ярославич Новгородский;Конец;19;Россия;Государственный Эрмитаж, Санкт-Петербург;Святые;Ростовое;None
1921;Феодосий Черниговский;True;13,5 х 11 см;Палехские мастерские;Дерево, темпера, чеканка;Святитель Феодосий Черниговский;начало;20;Россия;Государственный Исторический музей, Москва;Святые;Ростовое;None
1925;Феодосия;False;52 х 16 см;Кирилл Уланов;Дерево, темпера;Преподобномученица Феодосия;1690 г.;17;Россия;Государственная Третьяковская галерея, Москва;Святые;Ростовое;None
1926;Феодот Киринейский и Арсений Тверской;False;32 x 26,5 см;Егор Иванов Грек;Дерево, темпера;Спаситель, исповедник Феодот Киринейский, святитель Арсений Тверской;1738 г.;18;Россия;Центральный музей древнерусской культуры и искусства имени Андрея Рублева, Москва;Святые;Ростовое;None
1937;Филипп апостол;True;35,7 х 22,8 см;Иеромонах Меркурий;Дерево, темпера;Апостол Филипп;начало;17;Крит;Государственный Исторический музей, Москва;Святые;Ростовое;None
1938;Филипп апостол;False;25,5 х 33,5 см;Георгий Митрофанович;Дерево, темпера;Апостол Филипп;1620 - 1622 гг.;17;Сербия;Афон, монастырь Хиландар;Святые;Поясное;None
1946;Флор и Лавр (Чудо о Флоре и Лавре);True;130 x 129,5 см;Исаакий Григорьев;Дерево, темпера;Архангел Михаил, мученик Флор, мученик Лавр;1603 г.;17;Россия;Череповецкий краеведческий музей;Святые;Многофигурное;Пастырь Егалсиф
1957;Харалампий Магнезийский;False;105 х 59,5 см;Леон Лечодис ( Leichoudis );Дерево, темпера;Священномученик Харалампий Магнезийский;1734 г.;18;Греция;Византийский и христианский музей, Афины;Святые;Ростовое;None
1964;Христофор мученик;True;26 х 22 см;Михаил Кириков(?);Дерево, темпера;Мученик Христофор;1910 - 1920 гг.;20;Россия;Государственный Владимиро-Суздальский историко-архитектурный и художественный музей-заповедник;Святые;Ростовое;None
1970;Спас Вседержитель (Звенигородский);False;158 х 108 см;Андрей Рублев;Дерево, темпера;Спаситель;1410 - 1420 гг.;15;Россия;Государственная Третьяковская галерея, Москва;Спаситель;Поясное;Спаситель, Спаситель
1975;Спас на престоле;False;105,7 x 65,2 см;Иван Андреев;Дерево, темпера;Спаситель, ангелы;1715 г.;18;Россия;Частное собрание;Спаситель;Тронное;None
1976;Спас на престоле;True;127 x 98 см;Кирилл Уланов;Дерево, левкас, темпера;Спаситель;1689 г.;17;Россия;Устюженский краеведческий музей;Спаситель;Тронное;None
1986;Спас Вседержитель;False;39,7 х 33,1 см;Мастер Перша;Дерево, темпера;Спаситель;последняя четверть;16;Россия;Государственный Русский музей, Санкт-Петербург;Спаситель;Поясное;None
1993;Спас Вседержитель;True;165,0 х 59,0 см;Патракеев Филипп;Дерево;Спаситель;1794 г.;18;Россия;"Музей-заповедник ""Щелыково""";Спаситель;Ростовое;None
2011;Спас на престоле;False;164 х 91 см;Андреас Рицос;Дерево, левкас, темпера;Спаситель;вторая половина;15;Греция;Монастырь св. Иоанна Богослова, Патмос;Спаситель;Тронное;None
2032;Пантократор;False;131 х 88,5 х 4 см;Иоанн, митрополит;Дерево, темпера;Спаситель;1393 - 1394 гг.;14;Македония;Церковь Преображения в монастыре Зрзе, Прилеп;Спаситель;Поясное;None
2064;Пантократор;False;50 х 40 см;Успенский Л. А.;Дерево, левкас, темпера;Спаситель;1984 г.;20;Франция;Храм преп. Серафима Саровского, Патмос;Спаситель;Поясное;None
2069;Пантократор;False;89 х 67,2 см;Михаил Дамаскинос;Дерево, левкас, темпера;Спаситель;вторая половина;16;Россия;Византийский и христианский музей, Афины;Спаситель;Поясное;None
2073;Христос Великий Архиерей;True;145,6 х 110,5 см;Кинешемцев Гурий Никитин;Дерево, темпера;Спаситель, апостол Иоанн Богослов, великомученик Димитрий Солунский;1687 г.;17;Россия;Костромской государственный историко-архитектурный и художественный музей-заповедник;Спаситель;Ростовое;Спаситель (Спас Великий Архиерей)
2075;Спас на престоле;True;180,0 х 127,0 см;Кинешемцев Гурий Никитин;Дерево, темпера;Спаситель;около 1687 г.;17;Россия;Ярославский государственный историко-архитектурный и художественный музей-заповедник;Спаситель;Тронное;None
2076;Спас на престоле;True;184,0 х 120,0 см;Уланов Кирилл (Корнилий)Иванов;Дерево, темпера;Спаситель;1716 г.;18;Россия;Переславль-Залесский государственный историко-архитектурный и художественный музей-заповедник;Спаситель;Тронное;None
2077;Спас на престоле;False;225 х 160 см;Никифор Георгиев;Дерево, темпера;Спаситель;первая треть;18;Россия;Новгородский государственный объединенный музей-заповедник;Спаситель;Тронное;None
2080;Спас Вседержитель;True;145,5 х 99,0 см;Уланов Кирилл (Корнилий) Иванов;Дерево, темпера;Спаситель, ангелы;1728 г.;18;Россия;Государственный Русский музей, Санкт-Петербург;Спаситель;Поясное;None
2081;Спас Вседержитель;False;165,5 x 110 см;Иван Петров Рефусицкий;Дерево;Спаситель, ангелы;1705 г.;18;Россия;"Государственный Исторический музей, филиал ""Новодевичий монастырь"", Москва";Спаситель;Поясное;None
2083;Спас Златые власы;True;42,9 х 33,0 см;М.И. Дикарев (?);Дерево, левкас, темпера;Спаситель;до 1905 г.;20;Россия;Частное собрание К.У.;Спаситель;Оглавное или оплечное;None
2094;Спас Нерукотворный;False;24,4 х 17,8 см;Школа Брюгге (последователь Герарда Давида);Дерево, масло;Спаситель;1510 - 1515 гг.;16;Греция;Мемориальный художественный музей Аллена, Огайо, США;Спаситель;Оглавное или оплечное;None
2095;Спас Нерукотворный;True;41,3 x 34,7 см;Симон Ушаков;Дерево, левкас, темпера;Спаситель;1670 - 1680 гг.;17;Россия;Частное собрание В.В. Бардзимашвили;Спаситель;Оглавное или оплечное;None
2106;Спас Нерукотворный;False;32 x 22 см;Тихон Могутов;Дерево, темпера;Спаситель, ангелы;1731 г.;18;Россия;Центральный музей древнерусской культуры и искусства имени Андрея Рублева, Москва;Спаситель;Оглавное или оплечное;None
2109;Спас Нерукотворный;False;58 x 44,5 см;Георгий Григорьев Туфанов;Дерево, темпера;Спаситель;1717 г.;18;Россия;Частное собрание;Спаситель;Оглавное или оплечное;None
2110;Спас Нерукотворный;False;37 x 30 см;Осип Серебряков;Дерево, темпера;Спаситель, ангелы;последняя треть;18;Россия;Частное собрание;Спаситель;Оглавное или оплечное;None
2113;Спас Нерукотворный;False;32 х 27 см;Симон Ушаков;Дерево, левкас, темпера;Спаситель;1673 г.;17;Россия;Государственная Третьяковская галерея, Москва;Спаситель;Оглавное или оплечное;Спас Нерукотворный
2116;Спас Смоленский с клеймами страстей;True;160,0 х 130,0 см;Круг Гурия Никитина;Дерево, темпера;Спаситель, ангелы, праведная Марфа, праведная Мария;1686 г.;17;Россия;Ярославский государственный историко-архитектурный и художественный музей-заповедник;Спаситель;Ростовое с клеймами;Мария Магдалина
2117;Спас Смоленский с предстоящими Ангелом-хранителем и Феодором Стратилатом;True;143,5 x 87,0 см;Круг Гурия Никитина;Дерево, темпера;Спаситель, ангелы, Ангел-хранитель, великомученик Феодор Стратилат;конец;17;Россия;Храм Воскресения на Дебре в Костроме;Спаситель;Ростовое;None
2126;Спас Смоленский, с припадающими митрополитом Петром и Ефремом Перекомским;False;94 x 45 см;Монахи Ефрем и Петр;Дерево, темпера;Спаситель, святитель Петр Московский, преподобный Ефрем Перекомский;1760 г.;18;Россия;Частное собрание;Спаситель;Ростовое;None
2131;Спас Эммануил;False;37 х 32 см;Симон Ушаков;Дерево, темпера;Спаситель;1679 г.;17;Россия;"Государственный Исторический музей, филиал ""Новодевичий монастырь"", Москва";Спаситель;Оглавное или оплечное;None
2137;Спас в Силах;False;18 х 16 см;Преподобный Андрей Рублев;Дерево, темпера;Спаситель;1410 - 1420 гг.;15;Россия;Государственная Третьяковская галерея, Москва;Спаситель;Тронное;None
2149;Спас в Силах;True;192 х 130 см;Дионисий;Дерево, левкас, темпера;Спаситель;1499 - 1500 гг.;15;Россия;Государственная Третьяковская галерея, Москва;Спаситель;Тронное;None
2154;Спас в рост;True;35,5 х 20,0 см;В.П.Гурьянов;Дерево, левкас, тиснение;Спаситель;1910 - 1920 гг.;20;Россия;Частное собрание В.А. Бондаренко;Спаситель;Ростовое;None
2160;Спас на престоле (из деисусного чина);True;235 х 168 см;Мастер Аарон, Феофанов (?) сын;Дерево, темпера, серебро, басма, золочение, оброн, эмаль;Спаситель;1438 г.;15;Россия;Новгородский государственный объединенный музей-заповедник;Спаситель;Тронное;None
2164;Спас на престоле (с припадающими Зосимой и Савватием Соловецкими);True;164 х 111,5 см;Круг Назария Истомина Савина;Дерево, левкас, темпера;Спаситель, ангелы, преп. Зосима, преп. Савватий;первая треть;17;Россия;"Московский государственный объединенный художественный историко-архитектурный и природно-ландшафтный музей-заповедник ""Коломенское""";Спаситель;Тронное;Савватий Соловецкий, Спаситель (с припадающими Зосимой и Савватием Соловецкими ), Гавриил Архангел, Михаил архангел
2167;Спас на престоле;True;153,5 х 106 см;Михаил Пономарев (?);Дерево, темпера;Спаситель, ангелы;около 1674 г.;17;Россия;Государственный Владимиро-Суздальский историко-архитектурный и художественный музей-заповедник;Спаситель;Тронное;Ангел с копьем и тростью (Спас на Престоле)
2168;Спас на престоле;True;179 х 143,2 см;Артемий Катунец, Иван Рефусицкий, Флор Луховлянин;Дерево, темпера, серебро, басма, гравировка, золочение;Спаситель;1686 г.;17;Россия;Государственный Владимиро-Суздальский историко-архитектурный и художественный музей-заповедник;Спаситель;Тронное;Спаситель
2184;Спас на престоле;False;106 х 66 см;Эммануил Тзанес;Дерево, левкас, темпера;Спаситель;1664 г.;17;Греция;Византийский и христианский музей, Афины;Спаситель;Тронное;None
2189;Христос Великий Архиерей;True;104,5 x 78 см;Мастер Иеремия;Дерево, левкас, темпера;Спаситель;вторая половина;17;Греция;Государственный Исторический музей, Москва;Спаситель;Поясное;None
2194;Христос Великий Архиерей, с преподобными Сергием Радонежским и Евфимием Суздальским;True;214 х 142 см;Георгий Зиновьев;Дерево, темпера, серебро, чеканка, золочение;Сергий Радонежский, прп. Евфимий Суздальский, прп.;1681 г.;17;Россия;Государственный Владимиро-Суздальский историко-архитектурный и художественный музей-заповедник;Спаситель;Тронное;Евфимий Суздальский, прп., Сергий Радонежский
2198;Царь Царем (с избранными святыми);False;71,5 x 55,5 см;Андрей Салафьев (Соловьев?);Дерево, темпера;Спаситель, ангелы, святые;1789 г.;18;Россия;Государственная Третьяковская галерея, Москва;Сложные композиции;Сюжетная композиция;None
2204;Царь Царем;False;71,5 x 67,5 см;Андрей Пылаев;Дерево, темпера;Спаситель;1760 г.;18;Россия;"Государственное музейное объединение ""Художественная культура Русского Севера"", Архангельск";Спаситель;Ростовое;None
2205;Царь Царем;False;40 х 34 см;Назарий Истомин;Дерево, левкас, темпера;Спаситель, Богородица, ангелы, Иоанн Предтеча;1616 г.;17;Россия;Государственная Третьяковская галерея, Москва;Спаситель;Многофигурное;None
2206;Бичевание Спасителя;False;95 x 85 см;Ларион Сорокин, Андрей Филиппов;Дерево, темпера;Спаситель, воины;после 1764 г.;18;Россия;Тульский областной историко-архитектурный и литературный музей;Страстной и Пасхальный циклы;Сюжетная композиция;None
2218;Вознесение;False;36,1 х 30,2 см;Мастер Михаил;Дерево, темпера;Спаситель, Богородица, апостолы, ангелы;конец;16;Россия;Государственный Русский музей, Санкт-Петербург;Страстной и Пасхальный циклы;Сюжетная композиция;Спаситель, ангелы, Богородица, апостолы
2222;Вознесение;True;101,0 x 77,5 см;Вощин Василий Никитин;Дерево, темпера;Спаситель, Богоматерь, ангелы, апостолы;1757 г.;18;Россия;Костромской государственный историко-архитектурный и художественный музей-заповедник;Страстной и Пасхальный циклы;Сюжетная композиция;None
2225;Вознесение;False;162 x 93 см;Дмитрий Логинов;Дерево, темпера;Спаситель, Богородица, ангелы , Апостолы;1715 г.;18;Россия;Государственный музей истории религии, Санкт-Петербург;Страстной и Пасхальный циклы;Сюжетная композиция;None
2226;Вознесение;False;42 x 35,5 см;Василий Колмогоров;Дерево, темпера;Спаситель, Богородица, ангелы, апостолы;1770 г.;18;Россия;Частное собрание;Страстной и Пасхальный циклы;Сюжетная композиция;None
2233;Воскресение Христово (с клеймами праздников);True;128 х 159 см;Дионисий Гринков;Дерево, левкас, темпера;Спаситель, Богородица, ангелы, апостолы;1567 - 1568 гг.;16;Россия;Вологодский государственный историко-архитектурный и художественный музей-заповедник;Страстной и Пасхальный циклы;Сюжетная композиция с клеймами;Древо Иесеево, Воскресение Христово, Тайная Вечеря, Омовение ног, Моление о чаше, Предание Иуды
2235;Воскресение Христово (с клеймами праздников);True;78,4 х 67,6 см;Иван Марков;Дерево, левкас, темпера;Спаситель, Адам, Ева, ангелы, праотцы;1702 г.;18;Россия;Вологодский государственный историко-архитектурный и художественный музей-заповедник;Страстной и Пасхальный циклы;Сюжетная композиция с клеймами;Благоразумный разбойник
2237;Воскресение Христово (с клеймами праздников);True;28,5 х 24,5 см;Никифор Савин ( ? );Дерево, левкас, темпера;Спаситель, Адам, Ева, ангелы, праотцы;начало;17;Россия;Пермская государственная художественная галерея;Страстной и Пасхальный циклы;Сюжетная композиция с клеймами;None
2238;Воскресение Христово (с клеймами страстей);True;158 х 132 см;Ермолай и Яков Сергиевы, Петр Савин и Семен Карпов;Дерево, левкас, темпера;Спаситель, Адам, Ева, ангелы, праотцы;1692 г.;17;Россия;Вологодский государственный историко-архитектурный и художественный музей-заповедник;Страстной и Пасхальный циклы;Сюжетная композиция с клеймами;Ангелы борются с сатаной
2253;Воскресение Христово - Сошествие во ад;True;107,0 x 93,0 см;Круг Гурия Никитина;Дерево, темпера;Спаситель, Адам, Иоанн Предтеча, Давид, Соломон, жены;последняя четверть;17;Россия;Храм Воскресения на Дебре в Костроме;Страстной и Пасхальный циклы;Сюжетная композиция;Воскресение - Сошествие во ад, Воскресение - Сошествие во ад
2254;Воскресение Христово - Сошествие во ад;True;32,3 х 28,0 см;Кинешемцев Гурий Никитин (?);Дерево, темпера, серебро, чеканка, гравировка, золочение;Спаситель, Адам, Ева, Иоанн Предтеча, Давид, Соломон, ангелы;около 1682 г.;17;Россия;Костромской государственный историко-архитектурный и художественный музей-заповедник;Страстной и Пасхальный циклы;Сюжетная композиция;Воскресение Христово - Сошествие во ад
2259;Воскресение Христово - Сошествие во ад;True;125,5 x 81,0 см;Словенины Савва и Михей;Дерево, темпера;Спаситель, Адам, Ева, Давид, Соломон, Иоанн Предтеча, праведники;1764 г.;18;Россия;Костромской государственный историко-архитектурный и художественный музей-заповедник;Страстной и Пасхальный циклы;Сюжетная композиция;None
2260;Воскресение Христово - Сошествие во ад;True;125,3 x 91,2 см;Иван Крюков, Михаил Рукавишников;Дерево, темпера;Спаситель, Адам, Ева, Иоанн Предтеча, Давид, Соломон, ангелы;1779 г.;18;Россия;Частное собрание, Москва;Страстной и Пасхальный циклы;Сюжетная композиция;None
2267;Воскресение Христово - Сошествие во ад, с праздниками;True;31 х 27 см;Василий Хохлов(?);Дерево, темпера;Спаситель, Адам, Ева, ангелы, праотцы;начало;20;Россия;Государственный Владимиро-Суздальский историко-архитектурный и художественный музей-заповедник;Страстной и Пасхальный циклы;Сюжетная композиция с клеймами;None
2269;Воскресение Христово - Сошествие во ад, с праздниками;False;96,5 x 68,5 см;Александр Брагин;Дерево, темпера;Спаситель, Адам, Ева, ангелы, праотцы;1797 г.;18;Россия;"Государственное музейное объединение ""Художественная культура Русского Севера"", Архангельск";Страстной и Пасхальный циклы;Сюжетная композиция с клеймами;Благовещение, Воздвижение Креста
2286;Воскресение Христово - Сошествие во ад;False;35,4 х 29,7 см;Мастер Михаил;Дерево, темпера;Спаситель, Адам, Ева, Иоанн Предтеча, Давид, Соломон;конец;16;Россия;Государственный Русский музей, Санкт-Петербург;Страстной и Пасхальный циклы;Сюжетная композиция;Воскресение Христово, Ева
2288;Воскресение Христово - Сошествие во ад;False;34,2 х 25,3 см;Иоанн Теодоров;Дерево, темпера;Спаситель, Адам, Ева, Иоанн Предтеча, Давид, Соломон;около 1535 г.;16;Македония;Монастырь Слепче в Демир Хисар;Страстной и Пасхальный циклы;Сюжетная композиция;None
2294;Воскресение Христово;False;32,5 x 26,5 см;Никифор Георгиев;Дерево, темпера;Спаситель;1729 г.;18;Россия;Новгородский государственный объединенный музей-заповедник;Страстной и Пасхальный циклы;Сюжетная композиция;None
2295;Воскресение Христово - Сошествие во ад;True;136,5 x 99 см;Дионисий;Дерево, левкас, темпера;Спаситель, ангелы, Адам, Ева, Иоанн Предтеча, Давид, Соломон;около 1502 г.;16;Россия;Государственный Русский музей, Санкт-Петербург;Страстной и Пасхальный циклы;Сюжетная композиция;None
2301;Воскресение Христово - Сошествие во ад;False;28 х 24,1 см;Успенский Л. А.;Дерево, левкас, темпера, басма;Спаситель, ангелы, Адам, Ева, Иоанн Предтеча, Давид, Соломон;1966 г.;20;Франция;"Храм иконы ""Всех скорбящих радость"" и св. Женевьевы, Париж";Страстной и Пасхальный циклы;Сюжетная композиция;None
2312;Воскрешение Лазаря;False;35,8 х 30,2 см;Мастер Михаил;Дерево, темпера;Спаситель, апостолы, праведная Марфа, праведная Мария, праведный Лазарь;конец;16;Россия;Государственный Русский музей, Санкт-Петербург;Страстной и Пасхальный циклы;Сюжетная композиция;Спаситель с апостолами, Марфой и Марией, Спаситель с апостолами, Марфой и Марией
2315;Воскрешение Лазаря;False;35 х 24,3 х 3,1 см;Мастерская Иоанна Теодорова из Грамоста;Дерево, темпера;Спаситель, апостолы, праведная Марфа, праведная Мария, праведный Лазарь;около 1535 г.;16;Македония;Музей Македонии, Скопье;Страстной и Пасхальный циклы;Сюжетная композиция;None
2321;Воскрешение Лазаря;True;37,3 х 25,8 х 2;Феофан;Дерево, темпера;Спаситель, апостолы, праведная Марфа, праведная Мария, праведный Лазарь;около 1546 г.;16;Крит;Музей Бенаки, Афины;Страстной и Пасхальный циклы;Сюжетная композиция;Воскрешение Лазаря, Иудеи (Воскрешение Лазаря)
2328;Восхождение на Крест;True;73 х 67 см;Андрей Лаврентьев, Иван Дерма Ярцев;Дерево, темпера, серебро, басма, золочение, оброн, эмаль;Спаситель, апостолы;1509 г.;16;Россия;Софийский собор, Новгород;Страстной и Пасхальный циклы;Сюжетная композиция;None
2338;Вход в Иерусалим;False;35,8 х 30,2 см;Мастер Михаил;Дерево, темпера;Спаситель, апостолы;конец;16;Россия;Государственный Русский музей, Санкт-Петербург;Страстной и Пасхальный циклы;Сюжетная композиция;Иерусалим
2343;Вход в Иерусалим;False;34,4 х 25,6 х 3 см;Мастерская Иоанна Теодорова из Грамоста;Дерево, темпера;Спаситель, апостолы;около 1535 г.;16;Македония;Музей Македонии, Скопье;Страстной и Пасхальный циклы;Сюжетная композиция;None
2344;Вход в Иерусалим;False;38,4 х 33,5 х 3,2 см;Мастерская Давида из Селеницы;Дерево, темпера;Спаситель, апостолы;1730 - 1739 гг.;18;Македония;Музей Македонии, Скопье;Страстной и Пасхальный циклы;Сюжетная композиция;None
2348;Вход в Иерусалим;False;63 x 78 см;Мина Лукич Колокольников;Дерево, масло;Спаситель, апостолы;1755 - 1760 гг.;18;Россия;Санкт-Петербургская епархия;Страстной и Пасхальный циклы;Сюжетная композиция;None
2349;Вход в Иерусалим;False;68 x 88 см;Ларион Сорокин, Андрей Филиппов;Дерево, темпера;Спаситель, апостолы;после 1764 г.;18;Россия;Тульский областной историко-архитектурный и литературный музей;Страстной и Пасхальный циклы;Сюжетная композиция;None
2357;Жены мироносицы у гроба Господня;False;35,8 х 29,8 см;Мастер Михаил;Дерево, темпера;Спаситель, жены-мироносицы, ангел;конец;16;Россия;Государственный Русский музей, Санкт-Петербург;Страстной и Пасхальный циклы;Сюжетная композиция;Жены-мироносицы
2359;Жены мироносицы у гроба Господня;True;73 х 70 см;Андрей Лаврентьев, Иван Дерма Ярцев;Дерево, темпера, серебро, басма, золочение, оброн, эмаль;Жены-мироносицы, ангел;1509 г.;16;Россия;Софийский собор, Новгород;Страстной и Пасхальный циклы;Сюжетная композиция;None
2367;Испрошение тела Христа у Пилата;True;73 х 67 см;Андрей Лаврентьев, Иван Дерма Ярцев;Дерево, темпера, серебро, басма, золочение, оброн, эмаль;Праведный Никодим, праведный Иосиф, Понтий Пилат;1509 г.;16;Россия;Софийский собор, Новгород;Страстной и Пасхальный циклы;Сюжетная композиция;None
2372;Не рыдай Мене Мати;True;186 x 205 см;Попов Петр Иванов;Дерево, темпера;Спаситель, Богородица;середина;17;Россия;Ярославский государственный историко-архитектурный и художественный музей-заповедник;Страстной и Пасхальный циклы;Сюжетная композиция с клеймами;Спаситель (Спас Нерукотворный)
2379;Омовение ног;True;73 х 70 см;Андрей Лаврентьев, Иван Дерма Ярцев;Дерево, темпера, серебро, басма, золочение, оброн, эмаль;Спаситель, апостолы;1509 г.;16;Россия;Софийский собор, Новгород;Страстной и Пасхальный циклы;Сюжетная композиция;Омовение ног, Омовение ног
2384;Оплакивание Христа;False;40 x 33 см;Тимофей Филиппов Жирухин;Дерево, масло;Спаситель, Богоматерь, ангелы;1763 г.;18;Россия;Частное собрание;Страстной и Пасхальный циклы;Сюжетная композиция;None
2385;Отречение апостола Петра;False;29 x 36,5 см;Иван Кучумов;Дерево, темпера;Апостол Петр;конец;18;Россия;Государственный Исторический музей, Москва;Страстной и Пасхальный циклы;Сюжетная композиция;None
2394;Положение во гроб;True;73 х 70 см;Андрей Лаврентьев, Иван Дерма Ярцев;Дерево, темпера, серебро, басма, золочение, оброн, эмаль;Спаситель, Богородица, ангелы, Иоанн Богослов, праведный Иосиф, праведный Никодим, жены-мироносицы;1509 г.;16;Россия;Софийский собор, Новгород;Страстной и Пасхальный циклы;Сюжетная композиция;None
2403;Поругание Христа;True;73 х 70 см;Андрей Лаврентьев, Иван Дерма Ярцев;Дерево, темпера, серебро, басма, золочение, оброн, эмаль;Спаситель;1509 г.;16;Россия;Софийский собор, Новгород;Страстной и Пасхальный циклы;Сюжетная композиция;Поругание Христа, Поругание Христа
2427;Пьета;True;53,7 х 46,7 х 2,3;Эммануил Тзанес;Дерево, темпера;Спаситель, Богоматерь, Иоанн Богослов, Иосиф Аримафейский;1657 г.;17;Греция;Собрание Велимезиса;Страстной и Пасхальный циклы;Сюжетная композиция;Пьета
2431;Распятие Господне (Крест);False;189 х 169 см;Феофан Критский;Дерево, темпера;Спаситель;1546 г.;16;Греция;Афон, монастырь Ставроникита;Страстной и Пасхальный циклы;Ростовое;None
2439;Распятие Господне (со Страстями);False;90 x 74 см;Семен Матвеев Попов;Дерево, темпера;Спаситель, Богоматерь, апостол Иоанн Богослов;1729 г.;18;Россия;"Московский государственный объединенный художественный историко-архитектурный и природно-ландшафтный музей-заповедник ""Коломенское""";Страстной и Пасхальный циклы;Сюжетная композиция с клеймами;Коронование Спасителя тернием, Приведение Спасителя к Пилату
2449;Распятие Господне;False;35,6 х 29,8 см;Мастер Михаил;Дерево, темпера;Спаситель, Богородица, Иоанн Богослов, Лонгин сотник, ангелы, жены-мироносицы;конец;16;Россия;Государственный Русский музей, Санкт-Петербург;Страстной и Пасхальный циклы;Сюжетная композиция;None
2453;Распятие Господне;False;34,5 х 25,7 см;Иоанн Теодоров;Дерево, темпера;Спаситель, Богородица, Иоанн Богослов, Лонгин сотник, ангелы, жены;около 1535 г.;16;Македония;Монастырь Слепче в Демир Хисар;Страстной и Пасхальный циклы;Сюжетная композиция;None
2465;Распятие Господне;False;75 x 54,5 см;Афанасий Стефанов Соколов;Дерево, темпера;Спаситель, Богоматерь, апостол Иоанн Богослов, равноапостольная Мария Магдалина;1752 г.;18;Россия;Частное собрание;Страстной и Пасхальный циклы;Сюжетная композиция;None
2467;Распятие Господне;False;73 x 53 см;Федор Попов;Дерево, темпера;Спаситель, Богородица, Иоанн Богослов;1760 г.;18;Россия;Вятский художественный музей имени В.М. и А.М. Васнецовых;Страстной и Пасхальный циклы;Сюжетная композиция;None
2485;Распятие Господне;False;44,5 х 63,5 см;Андреас Рицос;Дерево, левкас, темпера;Спаситель, Богородица, ангелы, Адам, Иоанн Богослов;вторая половина;15;Греция;Византийский и христианский музей, Афины;Страстной и Пасхальный циклы;Сюжетная композиция;Богоматерь, Воскресение Христово
2489;Распятие Господне;False;40 х 33 см;Федор Зубов с товарищами;Дерево, левкас, темпера;Спаситель, Богородица, апостол Иоанн Богослов, жена-мироносица;1685 г.;17;Россия;Смоленский собор Новодевичьего монастыря в Москве;Страстной и Пасхальный циклы;Сюжетная композиция;None
2500;Снятие с Креста;True;73 х 70;Андрей Лаврентьев, Иван Дерма Ярцев;Дерево, темпера, серебро, басма, золочение, оброн, эмаль;Спаситель, Богородица, апостолы, праведный Иосиф, праведный Никодим, жены-мироносицы;1509 г.;16;Россия;Софийский собор, Новгород;Страстной и Пасхальный циклы;Сюжетная композиция;None
2514;Сошествие Святого Духа;False;35,2 х 34 см;Иоанн Теодоров;Дерево, темпера;Апостолы, Царь-космос (персонификация);около 1535 г.;16;Македония;Монастырь Слепче в Демир Хисар;Страстной и Пасхальный циклы;Сюжетная композиция;None
2517;Сошествие Святого Духа;True;46,0 x 38,5 см;Круг Гурия Никитина;Дерево, темпера;Богоматерь, апостолы;1680 - 1690 гг.;17;Россия;Ярославский государственный историко-архитектурный и художественный музей-заповедник;Страстной и Пасхальный циклы;Сюжетная композиция;None
2528;Страсти Христовы;True;33,5 х 26,5 х 2,5, с рамой: 68,7 х 45;Теотокопулос (Эль Греко);Дерево, темпера;Спаситель, ангелы;1566 г.;16;Крит;Собрание Велимезиса;Страстной и Пасхальный циклы;Сюжетная композиция;None
2532;Тайная вечеря;True;106 x 100 см;Ермолай и Яков Сергиевы,Григорий Агеев, Федор Григорьев,Семен Карпов, Петр Савельев,Тимофей Петров;Дерево, левкас, темпера;Спаситель, апостолы;1687 г.;17;Россия;Вологодский государственный историко-архитектурный и художественный музей-заповедник;Страстной и Пасхальный циклы;Сюжетная композиция;Трапезный стол (Тайная вечеря)
2540;Уверение Фомы;False;85 х 54 см;Дионисий и мастерская;Дерево, паволока, левкас, темпера;Спаситель, апостолы;около 1500 г.;16;Россия;Государственный Русский музей, Санкт-Петербург;Страстной и Пасхальный циклы;Сюжетная композиция;None
2543;Христос перед народом;False;56 x 51 см;Мастера Оружейной палаты Московского Кремля;Дерево, темпера;Спаситель;около 1713 г.;18;Россия;Государственная Третьяковская галерея, Москва;Страстной и Пасхальный циклы;Сюжетная композиция;None
2544;Целование Иуды;True;73 х 70 см;Андрей Лаврентьев, Иван Дерма Ярцев;Дерево, темпера, серебро, басма, золочение, оброн, эмаль;Спаситель, апостол Петр, апостолы, Иуда;1509 г.;16;Россия;Софийский собор, Новгород;Страстной и Пасхальный циклы;Сюжетная композиция;Целование Иуды, Целование Иуды
2549;Шествие на Голгофу;True;73 х 67 см;Андрей Лаврентьев, Иван Дерма Ярцев;Дерево, темпера, серебро, басма, золочение, оброн, эмаль;Спаситель, Симон Киринейский;1509 г.;16;Россия;Софийский собор, Новгород;Страстной и Пасхальный циклы;Сюжетная композиция;None
2556;Троица Ветхозаветная;False;27,4 х 21,7 см;Успенский Л. А.;Дерево, темпера;Ангелы;1977 г.;20;Франция;Частное собрание Жана-Клода Ларше;Троица;Сюжетная композиция;None
2557;Троица (преп. Андрей Рублев);False;142 х 114 см;Преподобный Андрей Рублев;Дерево, темпера;Ангелы;около 1411 г.;15;Россия;Государственная Третьяковская галерея, Москва;Троица;Сюжетная композиция;Ангел (Троица Ветхозаветная), Ангел (Троица Ветхозаветная)
2567;Троица Ветхозаветная (Гостеприимство Авраама);False;165 х 120 см;Андрей Чалков;Дерево, масло;Ангелы, Авраам, Сарра;1749 г.;18;Россия;"Московский государственный объединенный художественный историко-архитектурный и природно-ландшафтный музей-заповедник ""Коломенское""";Троица;Сюжетная композиция;None
2572;Троица Ветхозаветная (Гостеприимство Авраама);True;142 x 123 см;Кирилл Уланов;Дерево, левкас, темпера;Ангелы, Авраам, Сарра;1689 - 1690 гг.;17;Россия;Устюженский краеведческий музей;Троица;Сюжетная композиция;Палаты Авраама (Троица)
2574;Троица Ветхозаветная (Гостеприимство Авраама);False;Диаметр 11,8 см;Никита Павловец, мастерская Оружейной палаты;Дерево, темпера;Ангелы, Авраам, Сарра;1671 г.;17;Россия;Государственный Русский музей, Санкт-Петербург;Троица;Сюжетная композиция;None
2580;Троица Ветхозаветная (с бытием и хождением);True;160 х 125 см;Николай и Александр Брягины;Дерево, темпера;Ангелы;1914 г.;20;Россия;Государственный Владимиро-Суздальский историко-архитектурный и художественный музей-заповедник;Троица;Сюжетная композиция с клеймами;Изгнание из рая, Строительство Вавилонской башни
2584;Троица Ветхозаветная (с деяниями);True;137,0 х 102,0 см;Круг Гурия Никитина;Дерево, темпера;Ангелы, Авраам, Сарра;конец;17;Россия;Угличский государственный историко-архитектурный и художественный музей;Троица;Сюжетная композиция;None
2589;Троица Ветхозаветная (с хождением);False;130 х 105 см;Дмитрий Гаврилов Крашенинников;Дерево, темпера;Ангелы;1706 г.;18;Россия;Государственная Третьяковская галерея, Москва;Троица;Сюжетная композиция с клеймами;None
2601;Троица Ветхозаветная;True;112,5 x 90,0 см;Кинешемцев Гурий Никитин;Дерево, темпера;Ангелы, Авраам, Сарра;1690 г.;17;Россия;Частное собрание В.А. Бондаренко;Троица;Сюжетная композиция;None
2602;Троица Ветхозаветная;True;31,0 x 26, 7 см;Уланов Кирилл (Корнилий) Иванов;Дерево, темпера;Ангелы, Авраам, Сарра;1710 г.;18;Россия;Государственный Русский музей, Санкт-Петербург;Троица;Сюжетная композиция;None
2606;Троица Ветхозаветная;True;152,5 х 119,5 см;Мастер Паисий;Дерево, темпера;Ангелы;1484 - 1485 гг.;15;Россия;Центральный музей древнерусской культуры и искусства имени Андрея Рублева, Москва;Троица;Сюжетная композиция;Ангел (Троица Ветхозаветная), Ангел (Троица Ветхозаветная)
2611;Троица Ветхозаветная;True;107 х 79 см;Симон Ушаков, Никита Павловец;Дерево, левкас, темпера;Ангелы;1677 г.;17;Россия;"Московский государственный объединенный художественный историко-архитектурный и природно-ландшафтный музей-заповедник ""Коломенское""";Троица;Сюжетная композиция;Ангел (Троица Ветхозаветная), Ангел (Благословение Чаши)
2614;Троица Новозаветная (Отечество);True;172 x 124 см;Ждан Дементьев;Дерево, левкас, темпера;Саваоф, Младенец-Христос;1630 г.;17;Россия;Кирилло-Белозерский историко-архитектурный и художественный музей-заповедник;Троица;Тронное;Саваоф
2616;Троица Новозаветная (Сопрестолие);True;156,5 х 98,4 см;Осипов (Игнатьев) Василий;Дерево, темпера;Саваоф, Младенец-Христос;1679 - 1680 гг.;17;Россия;Костромской государственный историко-архитектурный и художественный музей-заповедник;Троица;Сюжетная композиция;None
2645;Гавриил архангел (из деисусного чина);True;236 х 116 см;Мастер Аарон, Феофанов (?) сын;Дерево, темпера, серебро, басма, золочение, оброн, эмаль;Архангел Гавриил;1438 г.;15;Россия;Софийский собор, Новгород;Ангелы;Ростовое;None
2657;Гавриил архангел;True;180,0 х 58,0 см;Патракеев Филипп;Дерево;Архангел Гавриил;1794 г.;18;Россия;"Музей-заповедник ""Щелыково""";Ангелы;Ростовое;None
2660;Гавриил архангел;False;131,5 x 62,5 см;Иван Яковлевич Вишняков, Алексей Петрович Антропов, Иван Иванович Вельский и др.;Дерево, масло;Архангел Гавриил;1748 - 1751 гг.;18;Россия;Санкт-Петербургская епархия;Ангелы;Ростовое;None
2663;Гавриил архангел;False;112 х 42 см;Георгий Каллиергис;Дерево, темпера;Архангел Гавриил;начало;14;Византия;Афон, монастырь Ватопед;Ангелы;Ростовое;Гавриил архангел, Гавриил архангел
2666;Михаил архангел (в деяниях);True;235 х 182 см;Круг Андрея Рублева;Дерево, темпера;Архангел Михаил;1410 - 1420 гг.;15;Россия;"Государственный историко-культурный музей-заповедник ""Московский Кремль""";Ангелы;Ростовое с клеймами;Михаил архангел
2677;Михаил архангел (из деисусного чина);False;210 х 121 см;Мастерская Феофана Грека (?);Дерево, темпера;Архангел Михаил;14 - 15 вв.;14;Россия;Благовещенский собор Московского Кремля;Ангелы;Ростовое;None
2684;Михаил архангел (из деисусного чина);True;235 х 117 см;Мастер Аарон, Феофанов (?) сын;Дерево, темпера, серебро, басма, золочение, оброн, эмаль;Архангел Михаил;1438 г.;15;Россия;Софийский собор, Новгород;Ангелы;Ростовое;None
2689;Михаил архангел (из деисусного чина);False;158 х 108 см;Андрей Рублев;Дерево, темпера;Архангел Михаил;1410 - 1420 гг.;15;Россия;Государственная Третьяковская галерея, Москва;Ангелы;Поясное;Михаил архангел, Михаил архангел
2709;Михаил архангел;True;197,0 x 66,5 см;Мастер Устин (?);Дерево, темпера;Архангел Михаил;1592 г.;16;Россия;Костромской государственный историко-архитектурный и художественный музей-заповедник;Ангелы;Ростовое;None
2712;Михаил архангел;True;176,0 x 56,0 см;Патракеев Филипп;Дерево;Архангел Михаил;1794 г.;18;Россия;"Музей-заповедник ""Щелыково""";Ангелы;Ростовое;None
2714;Михаил архангел;False;131 x 62 см;Иван Яковлевич Вишняков, Алексей Петрович Антропов, Иван Иванович Вельский и др.;Дерево, масло;Архангел Михаил;1748 - 1751 гг.;18;Россия;Санкт-Петербургская епархия;Ангелы;Ростовое;None
2715;Михаил архангел;False;32,5 x 27,5 см;Федор Семенов Фалеев;Дерево, темпера;Архангел Михаил;1720 г.;18;Россия;Государственная Третьяковская галерея, Москва;Ангелы;Ростовое;None
2716;Михаил архангел;False;92 x 73 см;Антоний Моисеев (Мокеев?);Дерево, темпера;Архангел Михаил;1763 г.;18;Россия;Частное собрание;Ангелы;Сюжетная композиция;Дьвол, попираемый архангелом Михаилом
2718;Михаил архангел;True;166 x 142 см;Григорий Агеев,Тимофей Петров,Петр Савельев;Дерево, темпера;Архангел Михаил;1687 г.;17;Россия;Вологодский государственный историко-архитектурный и художественный музей-заповедник;Ангелы;Ростовое;None
2719;Михаил архангел;True;91 х 36 см;Алексей Колмогоров;Дерево, темпера;Архангел Михаил;около 1778 г.;18;Россия;Вологодский государственный историко-архитектурный и художественный музей-заповедник;Ангелы;Ростовое;None
2722;Михаил архангел;True;91 х 74 см;Григорий Попов;Дерево, темпера;Архангел Михаил;1741 г.;18;Россия;"Московский государственный объединенный художественный историко-архитектурный и природно-ландшафтный музей-заповедник ""Коломенское""";Ангелы;Ростовое;Спаситель, Богоматерь, Иоанн Предтеча, ангелы
2729;Собор Архангелов и Ангелов;False;89,5 х 67 х 3,5;Нет;Дерево, темпера;Спаситель, архангел Михаил, архангел Гавриил, ангелы;1816 г.;18;Россия;Государственный Русский музей, Санкт-Петербург;Ангелы;Многофигурное;None
2735;Собор Михаила Архангела;False;44,5 x 34,5 см;Василий Михайлов;Дерево, масло;Спаситель, Богоматерь, пророк Иоанн Предтеча, ангелы, святые;1786 г.;18;Россия;Государственный музей истории религии, Санкт-Петербург;Ангелы;Сюжетная композиция;None
2737;Собор Михаила Архангела;False;118 x 56 см;Владимир Лукич Боровиковский;Дерево, масло;Спаситель, архангел Михаил, ангелы;конец;18;Россия;Частное собрание;Ангелы;Сюжетная композиция;None
2738;Собор Михаила Архангела;False;35 x 29,5 см;Иван Михайлов;Дерево, темпера;Спаситель, архангелы;1774 г.;18;Россия;Частное собрание;Ангелы;Многофигурное;None
2764;Благовещение;True;143,5 х 101,5 см;Круг Гурия Никитина;Дерево, темпера;Богоматерь, архангел Гавриил;конец;17;Россия;Смоленская церковь Богоявленского Анастасиина монастыря в Костроме;Праздники;Сюжетная композиция;None
2767;Благовещение;False;31,5 х 26,5 см;Михаил Деев;Дерево, темпера;Богоматерь, архангел Гавриил;1797 г.;18;Россия;Государственный музей истории религии, Санкт-Петербург;Праздники;Сюжетная композиция;None
2770;Благовещение;False;23,5 х 18,2 х 1,4;Николаос Каллергис;Дерево, темпера;Богородица, архангел Гавриил;1699 - 1747 гг.;17;Греция;Собрание Велимезиса;Праздники;Сюжетная композиция;Богоматерь (Благовещение)
2781;Благовещение;True;36 х 32 см;Назарий Истомин Савин;Дерево, левкас, темпера;Богородица, архангел Гавриил;1614 - 1615 гг.;17;Россия;Сольвычегодский историко-художественный музей;Праздники;Сюжетная композиция;Богородица
2786;Благовещение;False;92 х 63,5 см;Илия Москос;Дерево, левкас, темпера;Богородица, архангел Гавриил;1675 г.;17;Греция;Византийский и христианский музей, Афины;Праздники;Сюжетная композиция;None
2803;Богоявление;False;35,6 х 30 см;Мастер Михаил;Дерево, темпера;Спаситель, Иоанн Предтеча, ангелы;конец;16;Россия;Государственный Русский музей, Санкт-Петербург;Праздники;Сюжетная композиция;Спаситель и ангелы (Богоявление)
2806;Богоявление;False;38,2 х 34 х 2,3 см;Давид из Селеницы;Дерево, темпера;Спаситель, Иоанн Предтеча, ангелы;1730 - 1739 гг.;18;Македония;Музей Македонии, Скопье;Праздники;Сюжетная композиция;None
2811;Богоявление;True;164,0 х 130,0 см;Уланов Кирилл (Корнилий) Иванов;Дерево, темпера;Спаситель, Иоанн Предтеча, ангелы;1727 г.;18;Россия;Богоявленский собор Богоявленского Анастасиина монастыря в Костроме;Праздники;Сюжетная композиция;None
2831;Введение во храм;False;34,6 х 19,5 х 2,6 см;Иоанн Теодоров;Дерево, темпера;Богородица, Иоаким, Анна, первосвященник Захария, девы;около 1535 г.;16;Македония;Музей Македонии, Скопье;Праздники;Сюжетная композиция;None
2836;Введение во храм;False;98 x 67 см;Лев Копыльцов;Дерево, темпера;Богородица, Иоаким, Анна, первосвященник Захария, девы;1756 г.;18;Россия;Частное собрание;Праздники;Сюжетная композиция;None
2839;Введение во храм;False;24,4 х 18,4 х 2;Николаос Каллергис;Дерево, темпера;Богородица, Иоаким, Анна, первосвященник Захария, девы, ангел;1699 - 1747 гг.;17;Греция;Собрание Велимезиса;Праздники;Сюжетная композиция;Введение во храм, Захария первосвященник
2843;Введение во храм;False;127 х 91см;Ангелос Акотантос;Дерево, левкас, темпера;Богородица, Иоаким, Анна, первосвященник Захария, девы;середина;15;Греция;Византийский и христианский музей, Афины;Праздники;Сюжетная композиция;None
2846;Введение во храм, Благовещение;True;102,5 х 77,0 см, 102,5 x 77,0 см;Вощин Василий Никитин;Дерево, темпера;Богородица, архангел Гавриил, Иоаким, Анна, первосвященник Захария, девы;1757 г.;18;Россия;Костромской государственный историко-архитектурный и художественный музей-заповедник;Праздники;Сюжетная композиция;None
2855;Воздвижение Креста;True;46,0 х 39,0 см;Круг Гурия Никитина;Дерево, темпера;Святитель Макарий Иерусалимский, священномученик Кириак Иерусалимский, равноапостольный царь Константин, равноапостольная царица Елена;1680 - 1690 гг.;17;Россия;Ярославский государственный историко-архитектурный и художественный музей-заповедник;Праздники;Сюжетная композиция;None
2872;Покров Богородицы;False;35,7 х 29,4 см;Мастер Михаил;Дерево, темпера;Богородица, Андрей юродивый, Роман Сладкопевец, святые, народ;конец;16;Россия;Государственный Русский музей, Санкт-Петербург;Праздники;Сюжетная композиция;Святые князья (Покров)
2875;Покров Богородицы;True;125,5 x 81,0 см;Словенины Савва и Михей;Дерево, темпера;Спаситель, Богоматерь, блаженный Андрей, преподобный Роман Сладкопевец, мученик Антоний, мученица Иулиания, преподобный Павел Обнорский;1764 г.;18;Россия;Костромской государственный историко-архитектурный и художественный музей-заповедник;Праздники;Сюжетная композиция;None
2877;Покров Богородицы;False;41,5 x 35 см;Иван Еропов;Дерево, темпера;Спаситель, Богородица, преподобный Роман Сладкопевец, ангелы, блаженный Андрей, пророки, апостолы, святители, мученики, преподобные;1732 г.;18;Россия;Пермская государственная художественная галерея;Праздники;Сюжетная композиция;None
2885;Покров Богородицы;False;162 х 115 см;Федор Федоров (?);Дерево, левкас, темпера;Спаситель, Богородица, ангелы,святые, молящиеся;около 1697 г.;17;Россия;Покровский придел церкви Ильи Пророка в Ярославле;Праздники;Сюжетная композиция;None
2889;Положение Ризы Господней в Московском Кремле;True;107,0 x 73,0 см;Попов Петр Иванов;Дерево, темпера;Патриарх Филарет, царь Михаил Феодорович;середина;17;Россия;Ярославский государственный историко-архитектурный и художественный музей-заповедник;Праздники;Сюжетная композиция;None
2898;Преображение;True;184 х 134 см;Школа Феофана Грека;Дерево, темпера;Спаситель, пророк Моисей, пророк Илия, апостол Иоанн, апостол Иаков, апостол Петр;около 1403 г.;15;Россия;Государственная Третьяковская галерея, Москва;Праздники;Сюжетная композиция;Илия пророк (Преображение), Петр апостол (Преображение), Спаситель (Преображение), Спаситель (Преображение), Моисей пророк (Преображение), Иаков апостол (Преображение)
2906;Преображение;False;34 х 25,3 х 3 см;Иоанн Теодоров;Дерево, темпера;Спаситель, пророк Илия, пророк Моисей, апостол Иоанн, апостол Иаков, апостол Петр;около 1535 г.;16;Македония;Музей Македонии, Скопье;Праздники;Сюжетная композиция;None
2912;Преображение;True;103,5 х 75,4 см;Вощин-Шунецкий Василий Никитин;Дерево, темпера;Спаситель, пророк Илия, пророк Моисей, апостол Петр, апостол Иоанн, апостол Иаков;1720 г.;18;Россия;Частное собрание, Москва;Праздники;Сюжетная композиция;None
2930;Рождество Богородицы с клеймами жития Иоакима, Анны и Богоматери;True;140 х 104,5 см;Елепенков Любим Агеев (?);Дерево, темпера;Богоматерь, праведный Иоаким, праведная Анна;1642 г.;17;Россия;Кирилло-Белозерский историко-архитектурный и художественный музей-заповедник;Праздники;Сюжетная композиция с клеймами;Благовестие Анне, Благовещение у кладезя, Ласкание Марии
2939;Рождество Богородицы;False;34,4 х 24,3 см;Иоанн Теодоров;Дерево, темпера;Богородица, праведная Анна, служанки;около 1535 г.;16;Македония;Музей Македонии, Скопье;Праздники;Сюжетная композиция;None
2947;Рождество Богородицы;True;46,0 х 38,0 см;Круг Гурия Никитина;Дерево, темпера;Богородица, праведный Иоаким, праведная Анна, служанки;1680 - 1690 гг.;17;Россия;Ярославский государственный историко-архитектурный и художественный музей-заповедник;Праздники;Сюжетная композиция;None
2948;Рождество Богородицы;True;102,5 x 77,0 см;Вощин Василий Никитин;Дерево, темпера;Богородица, праведный Иоаким, праведная Анна, служанки;1757 г.;18;Россия;Костромской государственный историко-архитектурный и художественный музей-заповедник;Праздники;Сюжетная композиция;None
2952;Рождество Богородицы;False;55 x 80 см;Андрей Меркурьев Поспелов, Филипп Артемьев Попов;Дерево, темпера;Богородица, праведная Анна, праведный Иоаким, служанки;1728 - 1729 гг.;18;Россия;Государственный музей истории, Санкт-Петербург;Праздники;Сюжетная композиция;None
2953;Рождество Богородицы;False;122,5 х 80 см;Козьма Волков;Дерево, темпера;Богородица, праведный Иоаким, праведная Анна, служанки;последняя четверть;18;Россия;Частное собрание;Праздники;Сюжетная композиция;Анна и служанка
2967;Рождество Иоанна Предтечи;False;35,6 х 29,8 см;Семен Бороздин;Дерево, темпера;Иоанн Предтеча, праведный Захария, праведная Елисавета, служанки;16 - 17 вв. ;16;Россия;Государственный Русский музей, Санкт-Петербург;Праздники;Сюжетная композиция;None
2968;Рождество Иоанна Предтечи;False;107 x 85 см;Борис Григорьев Кузнецов;Дерево, темпера;Иоанн Предтеча, праведный Захария, праведная Елизавета, служанки;1716 г.;18;Россия;Вятский художественный музей имени В.М. и А.М. Васнецовых;Праздники;Сюжетная композиция;None
2970;Рождество Иоанна Предтечи;True;142 х 106,5 см;Семен Хромой;Дерево, левкас, темпера;Иоанн Предтеча, праведный Захария, праведная Елизавета, служанки;до 1616 г.;17;Россия;Пермская государственная художественная галерея;Праздники;Сюжетная композиция;None
2978;Рождество Христово;False;27,3 x 21,8 см;Петр Степанов;Дерево, левкас, темпера;Младенец Христос, Богородица, праведный Иосиф, служанка, ангелы, волхвы;последняя четверть;15;Россия;Частное собрание Е.А. Терлицкого;Праздники;Сюжетная композиция;None
2983;Рождество Христово;False;38,5 х 30 см;Михаил;Дерево, темпера;Младенец Христос, Богородица, праведный Иосиф, служанка, ангелы, волхвы, пророк Исайя;16 - 17 вв.;16;Россия;Государственный Русский музей, Санкт-Петербург;Праздники;Сюжетная композиция;Ангел и волхвы
2987;Рождество Христово;False;35,2 х 26,4 см;Иоанн Теодоров;Дерево, темпера;Младенец Христос, Богородица, праведный Иосиф, служанка, ангелы, волхвы;около 1535 г.;16;Македония;Музей Македонии, Скопье;Праздники;Сюжетная композиция;None
2996;Рождество Христово;True;146,2 х 103,6 см;Круг Гурия Никитина;Дерево, темпера;Спаситель, Богородица, праведный Иосиф, служанка, ангелы, волхвы;около 1687 г.;17;Россия;Костромской государственный историко-архитектурный и художественный музей-заповедник;Праздники;Сюжетная композиция;Рождество Христово, фрагмет, Рождество Христово, фрагмет
2997;Рождество Христово;True;40,0 х 30,0 см;Рожков Сергей Васильев;Дерево, темпера;Младенец Христос, Богородица, праведный Иосиф, ангелы, волхвы;1685 г.;17;Россия;"Государственный Исторический музей, филиал ""Новодевичий монастырь"", Москва";Праздники;Сюжетная композиция;Рождество Христово
2998;Рождество Христово;True;46,0 х 38,5 см;Круг Гурия Никитина;Дерево, темпера;Младенец Христос, Богородица, праведный Иосиф, ангелы, волхвы;1680 - 1690 гг.;17;Россия;Ярославский государственный историко-архитектурный и художественный музей-заповедник;Праздники;Сюжетная композиция;None
3003;Рождество Христово;False;33 x 26 см;Иван Александров;Дерево, темпера;Спаситель, Богородица, праведный Иосиф, ангелы;1728 г.;18;Россия;Частное собрание;Праздники;Сюжетная композиция;None
3006;Рождество Христово;False;112 x 90 см;Степан Григорьев Завязошников;Дерево, темпера;Младенец Христос, Богородица, праведный Иосиф, служанка, ангелы, волхвы;1786 г.;18;Россия;Ярославский государственный историко-архитектурный и художественный музей-заповедник;Праздники;Сюжетная композиция;Захария пророк и стражник, Ирод и книжники
3010;Рождество Христово;True;54,5 х 32,5 и 24,5 х 17 (икона);Димитриос Пелекасис;Дерево, темпера;Младенец Христос, Богородица, праведный Иосиф, служанка, ангелы, волхвы;1881 - 1973 гг.;19;Греция;Собрание Велимезиса;Праздники;Сюжетная композиция;None
3017;Рождество Христово;True;53,5 х 40,8;Иван Афанасьевич Подшивалов;Дерево, левкас, темпера;Спаситель, Богородица, прав.Иосиф;1810 г.;19;Россия;Череповецкий краеведческий музей;Праздники;Многофигурное;None
3023;Рождество Христово;False;97 х 63 см;Евстафиос;Дерево, левкас, темпера;Младенец Христос, Богородица, праведный Иосиф, служанка, ангелы, волхвы;1638 г.;17;Греция;Византийский и христианский музей, Афины;Праздники;Сюжетная композиция;None
3024;Рождество Христово;False;122 х 102 см;Мастер круга Иосифа Владимирова;Дерево, левкас, темпера;Младенец Христос, Богородица, праведный Иосиф, служанка, ангелы, волхвы;середина;17;Россия;Ярославский государственный историко-архитектурный и художественный музей-заповедник;Праздники;Сюжетная композиция;None
3040;Сретение;True;46,0 х 38,5 см;Круг Гурия Никитина;Дерево, темпера;Спаситель, Богородица, прав.Симеон Богоприимец, прав. Анна Пророчица, прав.Иосиф Обручник;1680 - 1690 гг.;17;Россия;Ярославский государственный историко-архитектурный и художественный музей-заповедник;Праздники;Сюжетная композиция;None
3047;Сретение;False;39,5 х 29,5 см;Дамиан Галик (Д. Г.);Дерево, масло;Спаситель, Богородица, праведный Симеон Богоприимец, праведная Анна Пророчица, праведный Иосиф Обручник;1772 г.;18;Россия;Частное собрание;Праздники;Сюжетная композиция;None
3075;Успение;False;35,8 х 31,3 см;Стефан Арефьев;Дерево, темпера;Спаситель, Богородица, апостолы, святители, Авфоний, ангел, жены, серафим;16 - 17 вв.;16;Россия;Государственный Русский музей, Санкт-Петербург;Праздники;Сюжетная композиция;Гавриил архангел и Аффония (Успение)
3081;Успение;False;35 х 73,2 х 2,5 см;Иоанн Теодоров;Дерево, темпера;Спаситель, Богородица, апостолы, нечестивый Афоний, ангел, святители, св. Иоанн Дамаскин и св. Косма Маюмский;около 1535 г.;16;Македония;Музей Македонии, Скопье;Праздники;Сюжетная композиция с клеймами;None
3090;Успение;True;142,5 х 120,5 см;Кинешемцев Гурий Никитин (?);Дерево, темпера;Спаситель, Богородица, апостолы, святители, ангелы;1680 - 1690 гг.;17;Россия;Костромской государственный историко-архитектурный и художественный музей-заповедник;Праздники;Сюжетная композиция;None
3091;Успение;True;46,0 х 38,0 см;Круг Гурия Никитина;Дерево, темпера;Спаситель, Богородица, апостолы, ангелы, Авфоний, жены, святители;1680 - 1690 гг.;17;Россия;Ярославский государственный историко-архитектурный и художественный музей-заповедник;Праздники;Сюжетная композиция;None
3092;Успение;False;145 х 115 см;Андрей Рублев;Дерево, левкас, темпера;Спаситель, Богородица, апостолы, святители, ангелы;около 1497 г.;15;Россия;Государственная Третьяковская галерея, Москва;Праздники;Сюжетная композиция;None
3093;Успение;True;135 х 106,5 см;Дионисий (?);Дерево, темпера;Спаситель, Богородица, апостолы, ангелы;конец;15;Россия;Центральный музей древнерусской культуры и искусства имени Андрея Рублева, Москва;Праздники;Сюжетная композиция;Успение (Ангелы), Успение (Богоматерь), Успение, Успение
3100;Успение;False;88,5 х 68 см;Ларион Сорокин, Андрей Филиппов;Дерево, темпера;Спаситель, Богородица, ангелы, апостолы, Авфоний;после 1764 г.;18;Россия;Тульский областной историко-архитектурный и литературный музей;Праздники;Сюжетная композиция;None
3106;Успение;False;57,5 х 44,5 х 2;Иоаким Ламбардос;Дерево, темпера;Спаситель, Богородица, ангелы, апостолы, Авфоний, святители, жены;17 - 18 вв. ;17;Греция;Собрание Велимезиса;Праздники;Сюжетная композиция;None
3116;Успение;True;149 x 108 см;Василий Колмогоров;Дерево, левкас, темпера;Спаситель, Богородица, ангелы, ( ВИ № 245 ) апостолы, Авфоний, святители, жены;1744 г.;18;Россия;Великоустюгский государственный историко-архитектурный и художественный музей-заповедник;Праздники;Сюжетная композиция;None
3117;Успение;True;213 x 105 см;Василий Афанасьев Аленев;Дерево, левкас, темпера;Спаситель, Богородица, ангелы, ( ВИ № 249 ) апостолы;около 1782 г.;18;Россия;Великоустюгский государственный историко-архитектурный и художественный музей-заповедник;Праздники;Сюжетная композиция;None
3119;Успение;True;114 х 108 см;Назарий Истомин Савин;Дерево, левкас, темпера;Спаситель, Богородица, ангелы, апостолы, святители;1621 г.;17;Россия;"Московский государственный объединенный художественный историко-архитектурный и природно-ландшафтный музей-заповедник ""Коломенское""";Праздники;Сюжетная композиция;Архангел Михаил и Авфония, Святители
3122;Успение;False;56 х 43 см;Иван Филатьев;Дерево, левкас, темпера;Спаситель, Богородица, ангелы, апостолы;1673 г.;17;Россия;Государственная Третьяковская галерея, Москва;Праздники;Сюжетная композиция;None
3125;Успение, Троица Ветхозаветная;True;101,5 x 77,0 см, 102,5 x 76,5 см;Вощин Василий Никитин;Дерево, темпера;Спаситель, Богоматерь, ангелы, апостолы;1757 г.;18;Россия;Костромской государственный историко-архитектурный и художественный музей-заповедник;Праздники;Сюжетная композиция;None
3130;Ангел хранит спящего человека душу и тело;False;36 х 31 см;Никифор Савин;Дерево, темпера;Ангел-хранитель, человек;первая четверть;17;Россия;Государственный Русский музей, Санкт-Петербург;Сложные композиции;Сюжетная композиция;Ангел-хранитель, Бес
3131;Антиминс;True;46 х 55 см;Павел Игнатьев Белопольский;Дерево, паволока, левкас, темпера;Спаситель, Богородица, апостолы, ангелы;1741 г.;18;Россия;"Московский государственный объединенный художественный историко-архитектурный и природно-ландшафтный музей-заповедник ""Коломенское""";Сложные композиции;Сюжетная композиция;None
3134;"Беседа трех вселенских святителей ( "" Благодатные плоды учения"" )";True;140 х 70 см;Семен Хромой;Дерево, левкас, темпера;Свт. Василий Великий, свт. Иоанн Златоуст, свт. Григорий Богослов;начало;17;Россия;Пермская государственная художественная галерея;Сложные композиции;Сюжетная композиция с клеймами;None
3159;Деисус и избранные святые;False;42 х 33,5 х 2,5;Димитриос Зукис;Дерево, темпера;Спаситель, Богородица, Иоанн Предтеча, св. Николай, св. Афанасий и св. Иулитта;1781 г.;18;Греция;Собрание Велимезиса;Сложные композиции;Многофигурное;None
3161;Деисус с припадающими Николаем Чудотворцем и Феодором Стратилатом;True;132,0 х 138,3 см;Попов Федор Абросимов;Дерево, темпера;Спаситель, Богоматерь, пророк Иоанн Предтеча, святитель Николай Чудотворец, великомученик Феодор Стратилат;1680 г.;17;Россия;"Государственный историко-культурный музей-заповедник ""Московский Кремль""";Сложные композиции;Многофигурное;None
3167;Деисус;False;22,8 х 22,3 х 1,4 см;Иоанн Теодоров;Дерево, темпера;Спаситель, Богородица, Иоанн Предтеча, ангелы;около 1535 г.;16;Македония;Музей Македонии, Скопье;Сложные композиции;Многофигурное;None
3175;Деисус;True;36 х 29,7 см;Посник Дербин;Дерево, левкас, темпера;Спаситель, Богородица, Иоанн Предтеча, ап. Павел, ап. Петр, свт. Григорий Богослов, мц. Мавра, вмч. Никита Воин, мц. Евпраксия;вторая половина;16;Россия;Сольвычегодский историко-художественный музей;Сложные композиции;Многофигурное;None
3179;Деисус;False;69 х 61 х 1,7 см;Ангелос Акотантос;Дерево, паволока, темпера;Спаситель, Богородица, Иоанн Предтеча;середина;15;Греция;Государственный Эрмитаж, Санкт-Петербург;Сложные композиции;Многофигурное;None
3180;Деисус: Христос, Богоматерь и святой Георгий Кефалофорос;True;40,5 х 31 х 2;Леос (Мосхос?);Дерево, темпера;Христос, Богоматерь и святой Георгий Кефалофорос;1649 г.;17;Греция;Собрание Велимезиса;Сложные композиции;Сюжетная композиция;None
3193;Единородный Сыне;False;44,5 x 34,5 см;Андрей Федотов;Дерево, темпера;Спаситель, Богоматерь, ангелы;1796 г.;18;Россия;Нижегородский государственный художественный музей;Сложные композиции;Сюжетная композиция;Спаситель и Богоматерь, херувим, смерть
3199;Избиение святых отец в Синае и Раифе;False;35,7 х 29,8 см;Мастер Первуша;Дерево, темпера;Спаситель, преподобные отцы, воины;17 - 18 вв.;17;Россия;Государственный Русский музей, Санкт-Петербург;Сложные композиции;Сюжетная композиция;None
3201;"Избранные святые в молении перед образом Богоматери ""Троеручицы""";False;33,7 х 27,7 см;И. В.;Дерево, темпера;Спаситель, Богоматерь, святые;середина;18;Россия;Церковно-Археологический кабинет Московской Православной Духовной Академии;Сложные композиции;Ростовое;None
3212;Индикт нового лета (Летопреложение);False;36 х 30,8 см;Семен Бороздин;Дерево, темпера;Спаситель, апостолы, иудейские учителя;16 - 17 вв. ;16;Россия;Государственный Русский музей, Санкт-Петербург;Сложные композиции;Сюжетная композиция;Палаты (Индикт нового лета)
3214;Исцеление Спасителем расслабленого у Овчей купели ( со сценами из Ветхого Завета );False;78 x 61 см;Ставрос Анагностис;Дерево, левкас, темпера;Спаситель, апостолы, ангелы;Начало;19;Греция;Византийский и христианский музей, Афины;Сложные композиции;Сюжетная композиция с клеймами;None
3217;Исцеление расслабленного;False;35,5 х 30,3 см;Семен Бороздин;Дерево, темпера;Спаситель, апостолы, расслабленные;16 - 17 вв. ;16;Россия;Государственный Русский музей, Санкт-Петербург;Сложные композиции;Сюжетная композиция;Спаситель и апостол Петр (Исцеление расслабленного)
3219;Кийский Крест;False;125,5 x 83,5 см;Артель И. И. Богданова-Карбатовского;Холст, масло;Равноапостольный царь Константин, равноапостольная царица Елена, царь Алексей Михайлович, патриарх Никон, царица Мария Ильинична;1778 г.;18;Россия;Государственный музей истории религии, Санкт-Петербург;Сложные композиции;Сюжетная композиция;None
3220;Киот для иконы Кирилла Белозерского;True;79 х 44 х 20 см;Никита Ермолов;Дерево, левкас, темпера;Спаситель, Богородица, ангелы, преподобный Кирилл Белозерский, преподобный Дионисий Глушицкий;1614 г.;17;Россия;Кирилло-Белозерский историко-архитектурный и художественный музей-заповедник;Сложные композиции;Ростовое с клеймами;None
3224;Распятие Господне (Крест);False;170 х 148 х 3 см;Онуфрий с Афона;Дерево, темпера;Спаситель, символы евангелистов;середина;16;Македония;Музей Македонии, Скопье;Страстной и Пасхальный циклы;Ростовое;Архангел, Богоматерь у Креста
3234;Литургия;False;71 х 57 см;Иоаннис;Дерево, левкас, темпера;Спаситель, ангелы;конец;17;Греция;Византийский и христианский музей, Афины;Сложные композиции;Сюжетная композиция;None
3237;Минея апрель;True;32,5 x 28,0 см;Липин Иван Федоров;Дерево, темпера;Святые;1758 г.;18;Россия;Церковный историко-археологический музей Костромской епархии;Сложные композиции;Ростовое;None
3242;Минея июнь;True;32,5 х 28,0 см;Липин Иван Федоров;Дерево, темпера;Святые;1758 г.;18;Россия;Костромской государственный историко-архитектурный и художественный музей-заповедник;Сложные композиции;Многофигурное;None
3245;Минея май;True;32,5 х 28,0 см;Липин Иван Федоров;Дерево, темпера;Святые;1758 г.;18;Россия;Церковный историко-археологический музей Костромской епархии;Сложные композиции;Ростовое;None
3257;Неделя всех святых;True;142,5 х 108 см;Семен Хромой;Дерево, левкас, темпера;Спаситель, Богородица, ангелы, святые;до 1616 г.;17;Россия;Пермская государственная художественная галерея;Сложные композиции;Многофигурное;None
3258;Неделя святых отец;False;35,6 х 29,7 см;Мастер Перша;Дерево, темпера;Святители;16 - 17 вв.;16;Россия;Государственный Русский музей, Санкт-Петербург;Сложные композиции;Многофигурное;Святители
3271;Обновление храма Воскресения Христова в Иерусалиме;False;50 x 36 см;Дьяк Иоанн;Дерево, темпера;Равноапостольный царь Константин, святитель Макарий Константинопольсий;1741 г.;18;Россия;Государственный Исторический музей, Москва;Сложные композиции;Сюжетная композиция;Колонны храма Воскресения Христова
3287;Перенесение мощей святителя Николая из Мир Ликийских в Бар-град;True;75,0 х 100,0 см;Патракеев Филипп;Дерево;Святитель Николай Мирликийский;1794 г.;18;Россия;"Музей-заповедник ""Щелыково""";Сложные композиции;Сюжетная композиция;None
3294;Поклонение волхвов;True;39 х 32 х 1,5;Школа Ангелоса Бизаманоса;Дерево, темпера;Богоматерь, Спаситель, волхвы;15 - 16 вв.;15;Крит;Собрание Велимезиса;Сложные композиции;Сюжетная композиция;Поклонение волхвов
3295;Поклонение пастухов;True;30,9 х 39,3 х 1,8;Круг Апостолоса Крезиаса;Дерево, темпера;Спаситель, Богоматерь, Иосиф, пастухи, волхвы;вторая половина;18;Греция;Музей Бенаки, Афины;Сложные композиции;Сюжетная композиция;Поклонение пастухов
3329;"Рама к ""Владимирской"" иконе Богоматери со сводом Богородичных икон";False;147,5 х 90,5 см;Иван Дорофеев (Глоткин?);Дерево, темпера;Спаситель, Богоматерь;1722 г.;18;Россия;Частное собрание;Сложные композиции;Сюжетная композиция с клеймами;None
3331;Рама с клеймами жития преподобного Иосифа Волоцкого;False;177 х 126 см;Григорий Антонов;Дерево, темпера;Иосиф Волоцкий;около 1697 г.;17;Россия;Центральный музей древнерусской культуры и искусства имени Андрея Рублева, Москва;Сложные композиции;Сюжетная композиция с клеймами;None
3333;Распятие апостола Андрея Первозванного;False;37 x 31,5 (49 x 40 - с рамой );Михаил Дамаскенос;Дерево, левкас, темпера;Апостол Андрей Первозванный;вторая половина;16;Греция;Византийский и христианский музей, Афины;Сложные композиции;Сюжетная композиция;Воины, Воины
3335;Седмица;False;49,5 х 41,5 см;Дмитрий Самойлов;Дерево, темпера;Спаситель, Богоматерь, пророк Иоанн Предтеча, ангелы;1796 г.;18;Россия;Нижегородский государственный художественный музей;Сложные композиции;Многофигурное;None
3336;Седьмой Вселенский Собор;False;36 х 29,8 см;Семен Бороздин;Дерево, левкас, темпера;Святители, императрица Ирина, император Константин VI;16 - 17 вв. ;16;Россия;Государственный Русский музей, Санкт-Петербург;Сложные композиции;Сюжетная композиция;Ирина императрица и святители (Седьмой Вселенский Собор)
3337;Седьмой Вселенский Собор;False;176 х 134 см;Симон Ушаков, Гурий Никитин с товарищами;Дерево, левкас, темпера;Спаситель, Богородица, святители;1673 г.;17;Россия;Смоленский собор Новодевичьего монастыря в Москве;Сложные композиции;Сюжетная композиция;None
3342;Символ Веры;True;133,1 х 116,8 см;Круг Гурия Никитина;Дерево, темпера;Спаситель;последняя четверть;17;Россия;Костромской государственный историко-архитектурный и художественный музей-заповедник;Сложные композиции;Сюжетная композиция с клеймами;Воскрешение мертвых в день Страшного суда, Сотворение мира
3356;Спаситель, Богоматерь, святые и праздники;False;127 х 77 см;Константинос Смирнайос;Дерево, левкас, темпера;Спаситель, Богоматерь, ангелы, святые;1729 г.;18;Греция;Византийский и христианский музей, Афины;Сложные композиции;Многофигурное;None
3358;Сретение Владимирской иконы Богоматери в Москве;False;35,7 х 29,8 см;Семен Бороздин;Дерево, левкас, темпера;Спаситель, Богоматерь, святитель Киприан, святители, бояре;16 - 17 вв. ;16;Россия;Государственный Русский музей, Санкт-Петербург;Сложные композиции;Сюжетная композиция;Священники с Владимирской иконой Богоматери, народ
3361;Сретение Владимирской иконы Богоматери в Москве;True;135,5 х 127 см;Михаил и Димитрий Белозерцы;Дерево, левкас, темпера;Спаситель, Богородица, святители;1689 - 1690 гг.;17;Россия;Устюженский краеведческий музей;Сложные композиции;Сюжетная композиция;Святители (Сретение Владимирской иконы Богоматери в Москве), Перенесение Владимирской иконы Богоматери из Контантинополя в Киев
3366;"Створки складня с ""Казанской"" иконой Божией Матери";True;64,8 х 82,0 х 11,0 см;Круг Гурия Никитина;Дерево, темпера, кожа, металл;Спаситель, Богоматерь, ангелы, благоверный князь Феодор Ярославский, святитель Леонтий Ростовский, благоверный князь Давид Ярославский, благоверный князь Василий Ростовский, благоверный князь Константин Ярославский, благоверный князь Константин Ростовский;конец;17;Россия;Государственный Исторический музей, Москва;Сложные композиции;Сюжетная композиция с клеймами;"Сказание о ""Феодоровской"" иконе Богоматери, Троица Ветхозаветная, Успение"
3371;Страшный Суд;True;54,0 х 42,5 см;Уланов Кирилл Иванов;Дерево, темпера;Спаситель, Богоматерь, ангелы, пророки, апостолы, мученики, святители, преподобные, праведные, блаженные;1706 г.;18;Россия;Дом-музей П. Д. Корина (Государственная Третьяковская галерея);Сложные композиции;Сюжетная композиция;Страшный суд
3386;Три отрока в пещи огненной;False;35,8 х 31,5 см;Емельян Москвитин;Дерево, левкас, темпера;Архангел Михаил, Анания, Азария, Мисаил, царь Навуходоносор, воины;начало;17;Россия;Государственный Русский музей, Санкт-Петербург;Сложные композиции;Сюжетная композиция;Ангел (Три отрока в пещи огненной)
3391;Триптих;False;25 х 43,5 см;Николаос Цафорис или Андреас Рицос;Дерево, левкас, темпера;Спаситель, Богородица, ап. Петр, ап. Павел, диакон Стефан, диакон Лаврентий;конец;15;Крит;Частное собрание;Сложные композиции;Многофигурное;None
3401;Усекновение главы Иоанна Предтечи;False;90,5 х 68 х 2,5;Мастер Ионических островов;Дерево, темпера;Святой Иоанн Предтеча;вторая половина;18;Греция;Музей Бенаки, Афины;Сложные композиции;Сюжетная композиция;Усекновение главы Иоанна Предтечи
3427;Царские врата;True;Створки 180 х 100 см, столбики 162 х 12,5 см, сень;Инок Исайя;Дерево, левкас, темпера, резьба;Богородица, архангел Гавриил, ап. Иоанн, ап. Лука, ап. Матфей, ап. Марк, ап. Прохор;1562 г.;16;Россия;"Государственный музей-заповедник ""Ростовский Кремль""";Сложные композиции;Многофигурное;Богоматерь (Благовещение), Василий Великий, Гавриил архангел, Григорий Богослов, Иоанн Богослов и Прохор, Лука евангелист, Марк евангелист, Матфей евангелист, Спаситель, апостолы (Причащение Апостолов), Спаситель, апостолы (Причащение Апостолов)
3455;Чудеса свт Николая Чудотворца;False;46 х 37 см;Иоаннис Москос;Дерево, левкас, темпера;Святитель Николай Чудотворец;1708 г.;18;Греция;Византийский и христианский музей, Афины;Сложные композиции;Многофигурное;None
3459;Чудо от пояса Пресвятой Богородицы;True;30,9 х 23 х 1,9;Эммануил Тзанес;Дерево, темпера;Богоматерь, царица Зоя, император Лев, клир;вторая половина;17;Греция;Музей Бенаки, Афины;Сложные композиции;Сюжетная композиция;None
3476;Явление Архангела Михаила Иисусу Навину;True;35,7 х 30,0 см;Палех;Дерево, левкас, темпера;Михаил, архангелИисус Навин;18 - 19 вв.;18;Россия;Частное собрание;Сложные композиции;Сюжетная композиция;None
3480;Знамение, с Акафистом и Чудом от иконы Знамение в Новгороде;False;35,4 х 30,6 х 3;Мастера И.В. и В.В. Белоусовы Палех;Дерево, темпера;Богоматерь, младенец;начало;20;Россия;Государственный Русский музей, Санкт-Петербург;Богоматерь;Поясное с клеймами;None
3481;Корсунская;False;26,8 х 18;Мастер К.А.Першин;Дерево, левкас, цировка;Богоматерь, младенец;начало;20;Россия;Государственный Русский музей, Санкт-Петербург;Богоматерь;Оглавное или оплечное;None
3482;Михаил архангел;False;31,2 х 26,5 х 3,2;Мастер М.П.Парилов. Палех;Дерево, темпера;Архангел Михаил;начало;20;Россия;Государственный Русский музей, Санкт-Петербург;Ангелы;Поясное;None
3483;Спас Вседержитель;False;35 х 31,1 х 2,8;Мастер А.Я.Тюлин;Дерево, темпера;Спаситель;начало;20;Россия;Государственный Русский музей, Санкт-Петербург;Спаситель;Поясное;None
3484;Владимирская;False;31 х 26 х 2,2;Мастер И.Е.Мумриков. Мстера;Дерево, темпера;Богоматерь, младенец;Последняя четверть;19;Россия;Государственный Русский музей, Санкт-Петербург;Богоматерь;Поясное;None
3491;Димитрий царевич и князь Роман Угличские;False;30 х 23 х 2,5;Мастер Прокопий Чириню Строгановская школа;Дерево, темпера;Святые царевич Димитрий, князь Роман Угличский, Богоматерь;первая четверть;17;Россия;Государственный Русский музей, Санкт-Петербург;Святые;Ростовое;None
3492;Спас Нерукотворный, Не рыдай Мене Мати;False;36,4 х 30,4 х 2,3;Мастер Стефан Арефьев. Строгановская школа;Дерево, темпера;Спаситель, ангелы, избранные святые;16 - 17 вв. ;16;Россия;Государственный Русский музей, Санкт-Петербург;Спаситель;Оглавное или оплечное;None
3518;Святцы;False;69,5 х 57 х 2,5;"Романов-Борисоглебск (""романовские письма"")";Дерево, темпера;годовые святцы;18 - 19 вв.;18;Россия;Государственный Русский музей, Санкт-Петербург;Сложные композиции;Сюжеты в клеймах;None
3519;Ангел Хранитель, преподобная Анастасия Александрийская и святая царица Александра;False;23,9 х 19,5;Романов-Борисоглебск;Дерево, темпера, серебро, позолота, чеканка, гравировка;Спаситель, ангел, Анастасия Александрийская, святая царица Александра;Первая четверть;19;Россия;Государственный Русский музей, Санкт-Петербург;Святые;Ростовое и многофигурное;None
3539;Гора Нерукосечная, Евхаристия;False;126 х 54 х 3;Мастер Александр Иванов Казанцев;Дерево, темпера;Богоматерь, младенец, ангелы;конец;17;Россия;Государственный Русский музей, Санкт-Петербург;Богоматерь;Тронное;None
3540;Владимирская;False;101 х 69 х 3,3;Мастер Симон Ушаков;Дерево, темпера;Богоматерь, младенец;третья четверть;17;Россия;Государственный Русский музей, Санкт-Петербург;Богоматерь;Поясное;None
3541;Феодор Трихина;False;76 х 61 х 3,5;Мастер Федор;Дерево, темпера;Феодор Трихина;вторая четверть;18;Россия;Государственный Русский музей, Санкт-Петербург;Святые;Ростовое;None
3543;Преподобные Ефрем архимандрит новый чудотворец и ученик его Аркадий;False;34,2 х 29,4 х 2,5;Мастер Авдей Васильев Недецов;Дерево, темпера;Спаситель, святые Ефрем и Аркадий;конец;18;Россия;Государственный Русский музей, Санкт-Петербург;Святые;Сюжетная композиция;None
3547;Георгий (Чудо Георгия о змие);False;31 х 26,5 х 2,2;Мастер Козьма Мазаев;Дерево, темпера;Святой Георгий, царица Александра;Вторая четверть;19;Россия;Государственный Русский музей, Санкт-Петербург;Святые;Конное;None
3548;Князья Владимирские;False;33,6 х 27,9 х 2,6;Мастер Иван Афанасьев Росляков;Дерево, темпера;Святые князья Андрей, Всеволод, Александр Невский, Андрей Боголюбский, Авраамий;Начало;19;Россия;Государственный Русский музей, Санкт-Петербург;Святые;Многофигурное;None
3549;Иоанн Богослов и Прохор;False;26,3 х 22 х 1,9;Мастер Иван Афанасьев Росляков;Дерево, темпера;Святые Иоанн Богослов и Прохор;Вторая четверть;19;Россия;Государственный Русский музей, Санкт-Петербург;Святые;Сюжетная композиция;None
3577;Покрой нас кровом крилу Твоею;False;26 х 20,5;мастер Симеон;Дерево, грунт;Богоматерь, цари, святители, преподобные;вторая половина;18;Россия;Государственный Исторический музей, Москва;Богоматерь;Многофигурное;None
3580;Корсунская;False;72,5 х 63,6;Тимофей Петров;дерево, левкас, темпера;Богоматерь, младенец;вторая четверть;18;Россия;Государственный Исторический музей, Москва;Богоматерь;Оглавное или оплечное;None
3581;Владимирская;False;71,5 х 54;Старообрядческая мастерская;дерево, левкас, темпера;богоматерь, младенец;18 - 19 вв.;18;Россия;Государственный Исторический музей, Москва;Богоматерь;Поясное;None
3598;Троица Ветхозаветная;True;106,5 x 79.;Симон Ушаков, Никита Павловец. Москва, иконописная мастерская Оружейной палаты;Дерево, левкас, темпера;Ангелы;Конец;17;Россия;"Московский государственный объединенный художественный историко-архитектурный и природно-ландшафтный музей-заповедник ""Коломенское""";Троица;Ростовое и сюжетная композиция;Ангел (Троица Ветхозаветная), Ангел (Троица Ветхозаветная), Ангел (Троица Ветхозаветная), Престол (Троица Ветхозаветная), Троица фрагмент, Троица фрагмент
3599;Богоматерь;True;15,3x13,5 (овал).;Сергей Фомин Бодягин. Москва, иконописная мастерская Оружейной палаты.;Дерево, левкас, темпера;Богоматерь;начало;18;Россия;"Московский государственный объединенный художественный историко-архитектурный и природно-ландшафтный музей-заповедник ""Коломенское""";Богоматерь;Поясное;None
3600;Никола Чудотворец;True;79 x 105.;Федор Евтихисв Зубов. Москва, иконописная мастерская Оружейной палаты.;Дерево, левкас, темпера;Св.Николай;вторая Половина;17;Россия;"Московский государственный объединенный художественный историко-архитектурный и природно-ландшафтный музей-заповедник ""Коломенское""";Святые;Поясное;Рука, Никола Чудотворец, лик
3603;Спас на престоле (с приподающим Симеоном, епископом Иерусалимским, и священномучеником Зиновием, епископом Егейским);False;161 х 123;Москва, иконописная мастерская Оружейной палаты;дерево, левкас, темпера;Спаситель, ангелы, Симеон, Зиновий;вторая Половина;17;Россия;"Московский государственный объединенный художественный историко-архитектурный и природно-ландшафтный музей-заповедник ""Коломенское""";Спаситель;Тронное;None
3605;Троица Ветхозаветная (с хождением);True;142 х 123 х 3,5;Кирилл Уланов;Дерево, левкас, темпера, золочение, серебрение;Ангелы, Авраам, Сарра;Конец;17;Россия;Устюженский краеведческий музей;Троица;Сюжетная композиция;Святая Троица фрагмент, Святая Троица фрагмент, Ангел (Троица Ветхозаветная), Ангел (Троица Ветхозаветная), Ангел (Троица Ветхозаветная), Авраам, Троица фрагмент, Троица фрагмент, Святая Троица фрагмент, Святая Троица фрагмент, Святая Троица фрагмент, Авраам, Сара
3606;Спас на престоле, с припадающими Иоанном Предтечей и апостолом Петром;False;127 х 98,4 х 3;Кирилл Уланов;Дерево, левкас, темпера;Спаситель, Иоанн Предтеча, апостол Петр;вторая Половина;17;Россия;Устюженский краеведческий музей;Спаситель;Тронное;Иоанн Предтеча, Апостол Петр, Иоанн Предтеча, Иоанн Предтеча, Апостол Петр, Апостол Петр
3607;Боголюбская с предстоящими святыми;False;142 х 109 х 3,5;Кирилл Уланов;Дерево, левкас, темпера, золочение, серебрение;Богоматерь, Иоанн Милостивый, митрополиты Петр, Алексей, Иона, Филипп;Конец;17;Россия;Устюженский краеведческий музей;Богоматерь;Ростовое и многофигурное;Великомученник Меркурий, Святой Иоанн Милостивый, Богоматерь (Боголюбская)
3639;Коронование Богоматери;True;32,5 х 27;Егор Шергин;Дерево, темпера;Бог Отец, бог Сын, Святой дух, Богоматерь, херувимы;середина;18;Россия;Ярославский государственный историко-архитектурный и художественный музей-заповедник;Богоматерь;Ростовое и сюжетная композиция;None
3642;Спас Нерукотворный;True;43,8 х 34,5;Иван Семеновский;Дерево, темпера;Спаситель, Иоанн Предтеча, Димитрий Ростовский;Начало;19;Россия;Ярославский государственный историко-архитектурный и художественный музей-заповедник;Спаситель;Оглавное или оплечное;None
3651;Гавриил и Довмонт Псковские, благоверные князья с образом Успения Богородицы;True;24,3 х 19,7;"Неизвестный мастер (клеймо ""М.И."")";Дерево, грунт, серебро, эмаль, чернь, чеканка, гравировка, канфарение, золочение;Всеволод ( в крещении Гавриил) и Довмонт ( в крещении Тимофей);Начало;19;Россия;Государственный Исторический музей, Москва;Святые;Многофигурное;Троица Ветхозаветная
3657;Евфросиния Суздальская;True;84,5 х 33,1;под началом Федора Зубова;дерево, левкас, темпера;Евфросиния Суздальская;конец;17;Россия;Государственный Исторический музей, Москва;Святые;Ростовое;None
3658;Евфросиния Полоцкая;True;85,2 х 33,2;под началом Федора Зубова;дерево, левкас, темпера;Евфросиния Полоцкая;конец;17;Россия;Государственный Исторический музей, Москва;Святые;Ростовое;None
3659;Феврония Муромская;True;88,7 х 34, 7;под началом Федора Зубова;дерево, левкас, темпера;Феврония Муромская;конец;17;Россия;Государственный Исторический музей, Москва;Святые;Ростовое;None
3666;Киприан, Фотий и Филипп;False;31 х 27;Иоанн Дмитриевич Краузов;дерево, левкас, темпера;Святые Киприан, Фотий, Филипп;Конец;19;Россия;Государственный Исторический музей, Москва;Святые;Ростовое и многофигурное;Фотий
3678;Печерская с предстоящими преподобными Антонием и Феодосием;True;34,2 х 28;Алексей Андреев;дерево, левкас, темпера;Богоматерь с младенцем, святые Антоний и Феодосий Печерские;начало;18;Россия;Государственный Исторический музей, Москва;Богоматерь;Тронное;Преподобный Антоний
3688;Сергий Радонежский и Савва Сторожевский;True;32,4 х 16, 32 х 15,5;Кирилл (Корнилий) Уланов;дерево, левкас, темпера;Сергий радонежский, Савва Сторожевский;начало;18;Россия;Государственный Исторический музей, Москва;Святые;Ростовое;None
3700;Спас в силах;False;210 х 141 х 3,3-3,7;Феофан Грек (?);Дерево, паволока, левкас, темпера яичная;Спаситель;1390 - 1399 гг.;14;Россия;Благовещенский собор Московского Кремля;Спаситель;Тронное;Спаситель (Спас в Силах)
3701;Гавриил архангел (из деисусного чина);False;210 х 117 х 3;Феофан Грек (?);Дерево, паволока, левкас, темпера яичная;Архангел Гавриил;последняя четверть;14;Россия;Благовещенский собор Московского Кремля;Ангелы;Ростовое;None
3702;Петр апостол (из деисусного чина);False;210 х 107 х 2,8;Мастерская Феофана Грека (?);Дерево, паволока, левкас, темпера яичная;Апостол Петр;последняя четверть;14;Россия;Благовещенский собор Московского Кремля;Святые;Ростовое;Петр апостол
3712;Василий Великий (из деисусного чина);False;210 х 98,5 х 3,5;Феофан Грек (?);Дерево, паволока, левкас, темпера яичная;Святитель Василий Великий;последняя четверть;14;Россия;Благовещенский собор Московского Кремля;Святые;Ростовое;Василий Великий
3713;Иоанн Златоуст (из деисусного чина);False;210 х 103 х 3;Феофан Грек (?);Дерево, темпера;Святитель Иоанн Златоуст;последняя четверть;14;Россия;Благовещенский собор Московского Кремля;Святые;Ростовое;Иоанн Златоуст
3715;Успение (на обороте Донская Богоматерь);False;86 × 67;Школа Феофана Грека;Дерево, темпера;Спаситель, Богородица, апостолы;1390 - 1399 гг.;14;Россия;Государственная Третьяковская галерея, Москва;Праздники;Многофигурное;Спаситель (Успение), Святитель и апостолы (Успение), Апостолы (Успение)
3721;Троица Ветхозаветная (Гостеприимство Авраама);True;168 × 144;Филатьев Тихон Иванов;Дерево, темпера;Ангелы;середина;14;Россия;"Государственный историко-культурный музей-заповедник ""Московский Кремль""";Троица;Сюжетная композиция;Ангел (Троица Ветхозаветная), Ангел (Троица Ветхозаветная), Престол (Троица Ветхозаветная)
3723;Рождество Христово;False;81.5 × 62.5;Школа или худ. центр: Русский Север;Дерево, темпера;Младенец Христос, Богородица, праведный Иосиф, служанки, ангелы, волхвы;первая половина;16;Россия;Центральный музей древнерусской культуры и искусства имени Андрея Рублева, Москва;Праздники;Сюжетная композиция;Волхвы (Рождество Христово), Омовение Младенца (Рождество Христово
3729;Серафим Саровский в молении на камне;False;35 х 25,8;Мастерская Серафимо-Дивеевского монастыря;Дерево, бумага, литография, масло, камни;Преподобный Серафим Саровский;Конец;19;Россия;Государственный Исторический музей, Москва;Святые;Сюжетная композиция;Серафим Саровский
3733;Рождество Христово;False;180 х 155;Северные письма;Дерево, темпера;Младенец Христос, Богородица, праведный Иосиф, служанка, ангелы, волхвы;вторая половина;16;Россия;Государственный Русский музей, Санкт-Петербург;Праздники;Сюжетная композиция;None
3744;Снятие с Креста;False;92 х 62;Школа или худ. центр: Русский Север;Дерево, темпера;Спаситель, Богородица, апостолы, праведный Иосиф, праведный Никодим, жены-мироносицы;конец;15;Россия;Государственная Третьяковская галерея, Москва;Страстной и Пасхальный циклы;Сюжетная композиция;None
3745;Положение во Гроб;False;90 х 63;Школа или худ. центр: Русский Север;Дерево, темпера;Спаситель, Богородица, Иоанн Богослов, праведный Иосиф, праведный Никодим, жены-мироносицы;конец;15;Россия;Государственная Третьяковская галерея, Москва;Страстной и Пасхальный циклы;Сюжетная композиция;None
3746;Воскресение Христово - Сошествие во ад;False;125 х 74;Школа или худ. центр: Вологда;Дерево, паволока, левкас, темпера;Спаситель, ангелы, Адам, Ева, Иоанн Предтеча, Давид, Соломон;конец;15;Россия;Государственный Русский музей, Санкт-Петербург;Страстной и Пасхальный циклы;Сюжетная композиция;Ангел (Воскресение Христово)
3748;Страшный Суд;True;162 х 115;Школа или худ. центр: Новгород;Дерево, левкас, темпера;Спаситель, Богородица, ангелы, пророки, апостолы, мученики, святители, преподобные, праведные, блаженные;третья четверть;15;Россия;Государственная Третьяковская галерея, Москва;Сложные композиции;Сюжетная композиция;None
3749;Благовещение;False;61 х 81;Школа или худ. центр: Москва;Дерево, темпера;Богородица, архангел Гавриил;начало;15;Россия;Благовещенский собор Московского Кремля;Праздники;Сюжетная композиция;Гавриил архангел (Благовещение), Богоматерь (Благовещение)
3752;Покров Богородицы;False;144 x 106 x 9;Ростово-Суздальская школа;Дерево, левкас, темпера;Богородица, Андрей юродивый, Роман Сладкопевец, святые, народ;последняя четверть;15;Россия;Государственный Владимиро-Суздальский историко-архитектурный и художественный музей-заповедник;Праздники;Сюжетная композиция;Андрей Юродивый и Епифаний (Покров)
3756;Собор Новгородских святых;True;10 х 8,5;Георгий Алексеев;дерево, левкас, темпера;Богоматерь с младенцем, святые;первая треть;18;Россия;Государственный Исторический музей, Москва;Святые;Многофигурное оплечное;Богоматерь с младенцем
3758;Димитрий Прилуцкий, в житии;True;139,5 х 111 х 3,1;Дионисий;Дерево, темпера;Димитрий Прилуцкий;около 1503 г.;16;Россия;Вологодский государственный историко-архитектурный и художественный музей-заповедник;Святые;Поясное с клеймами;Встреча Димитрия Прилуцкого с Димитрием Донским, Встреча Димитрия с Сергием Радонежским, Основание монастыря в честь Николая Чудотворца, Поставление Димитрия в иереи, Успенский Горицкий монастырь. Пострижение, Оставление Авнеги из-за недовольства местных жителей, Основание Спасо-Прилуцкого монастыря на землях, переданных Ильёй Раковым и Исидором Выпрягом, Благословение брата на ведение торговых дел с язычниками, Предсказание смерти Димитрия Донского, Поставление Пахомия в игумены, Преставление Димитрия Прилуцкого, Исцеление у гробницы немого Иоанна, Преподобный Димитрий является, чтобы помочь в строительстве соборного храма, Исцеление у гробницы бесноватого Симеона, Ангел спасает гробницу Димитрия от разграбления вятчанами, Погребение Димитрия Прилуцкого, Димитрий Прилуцкий, Димитрий Прилуцкий, Димитрий Прилуцкий, Димитрий Прилуцкий, Димитрий Прилуцкий
3759;Никола Чудотворец;True;27 х 22 х 2.;Ростовский художник;Дерево, темпера, серебро, камни, басма, скань, эмаль;Святитель Николай Мирликийский;первая четверть;16;Россия;Вологодский государственный историко-архитектурный и художественный музей-заповедник;Святые;Оглавное или оплечное;None
3760;Кирилл Белозерский;False;127 х 88;Школа или худ. центр: Тверь;Дерево, темпера;Преподобный Кирилл Белозерский;середина;16;Россия;Центральный музей древнерусской культуры и искусства имени Андрея Рублева, Москва;Святые;Поясное;None
3767;Шестоднев;True;63 х 46,8;Мастерская В.И.Хохлова;дерево, левкас, темпера;Спаситель, Богоматерь, Иоанн Предтеча, ангелы, апостолы;Начало;19;Россия;Государственный Исторический музей, Москва;Сложные композиции;Из клейм состоит;Василий и Максим блаженные, Прокопий и Иоанн Устюжские, Убиение царевича Димитрия
3769;Неопалимая Купина;False;32 х 26;Углич. Старообрядческая мастерская;дерево, темпера;Богоматерь, святые;начало;20;Россия;Угличский государственный историко-архитектурный и художественный музей;Богоматерь;Поясное с клеймами;None
3772;Паисий Угличский, царевич Димитрий, князь Роман, Кассиан Учемский;False;32 х 28;Углич. Старообрядческая мастерская;дерево, темпера;Паисий Угличский, царевич Димитрий, князь Роман, Кассиан Учемский;Конец;19;Россия;Угличский государственный историко-архитектурный и художественный музей;Святые;Ростовое и многофигурное;None
3774;Вход Господень в Иерусалим;False;55 х 52;Углич. Старообрядческая мастерская;дерево, темпера;Спаситель, апостолы;Первая половина;19;Россия;Угличский государственный историко-архитектурный и художественный музей;Страстной и Пасхальный циклы;Сюжетная композиция;None
3775;Троица Ветхозаветная;False;55 х 52;Углич. Старообрядческая мастерская;дерево, темпера;Ангелы, Авраам, Сарра;Первая половина;19;Россия;Угличский государственный историко-архитектурный и художественный музей;Троица;Сюжетная композиция;None
3776;Рождество Христово, со святыми на полях;False;40 х 32;Иоанн Ушаков;дерево, темпера;Богородица, Спаситель, Мария, Иосиф, святые;Начало;19;Россия;Угличский государственный историко-архитектурный и художественный музей;Праздники;Сюжетная композиция;Рождество
3777;Паисий Угличский на фоне Покровского монастыря;False;98 х 64;Григорий Буренин;дерево, темпера;Богоматерь с младенцем,Паисий Угличский;Начало;19;Россия;Угличский государственный историко-архитектурный и художественный музей;Святые;Ростовое;Покровский монастырь
3778;"Георгий ( Чудо Георгия о змие) оборотная сторона иконы ""Спас Нерукотворный"")";False;60 х 54;Углич. Старообрядческая мастерская;дерево, темпера;Георгий;Начало;19;Россия;Угличский государственный историко-архитектурный и художественный музей;Святые;Конное;None
3779;Спас Нерукотворный;False;60 х 54;Углич. Старообрядческая мастерская;дерево, темпера;Спаситель;Начало;19;Россия;Угличский государственный историко-архитектурный и художественный музей;Спаситель;Оглавное или оплечное;None
3780;Димитрий царевич;False;122 х 108;Григорий Буренин;дерево, темпера;Димитрий царевич;Начало;19;Россия;Угличский государственный историко-архитектурный и художественный музей;Святые;Ростовое;None
3787;Честная глава Иоанна Предтечи;False;60 х 55;Иван Буренин;дерево, темпера;Пророк Иоанн Предтеча;середина;18;Россия;Угличский государственный историко-архитектурный и художественный музей;Сложные композиции;Оглавное или оплечное;None
3816;Димитрий, царевич;False;156 х 72;Артель Федора Рожнова, школа патриарших иконописцев;дерево, темпера;Димитрий;начало;18;Россия;Угличский государственный историко-архитектурный и художественный музей;Святые;Ростовое;None
3817;Печерская;False;153 х 181;Артель Федора Рожнова, школа патриарших иконописцев;дерево, темпера;Богоматерь, святые Феодосий и Антоний;начало;18;Россия;Угличский государственный историко-архитектурный и художественный музей;Богоматерь;Тронное;None
3818;Христос Великий Архиерей;False;153 х 181;Артель Федора Рожнова, школа патриарших иконописцев;дерево, темпера;Спаситель, Богородица, Иоанн креститель,архангелы,;начало;18;Россия;Угличский государственный историко-архитектурный и художественный музей;Спаситель;Тронное;None
3819;Вход Господень в Иерусалим;False;86 х 74;Артель Федора Рожнова, школа патриарших иконописцев;дерево, темпера;Спаситель, апостолы;начало;18;Россия;Угличский государственный историко-архитектурный и художественный музей;Страстной и Пасхальный циклы;Сюжетная композиция;None
3820;Преображение;False;86 х 74;Артель Федора Рожнова, школа патриарших иконописцев;дерево, темпера;Спаситель, апостолы Петр, Иоанн, Иаков, пророки Илья и Моисей;начало;18;Россия;Угличский государственный историко-архитектурный и художественный музей;Праздники;Сюжетная композиция;None
3821;Рождество Христово;False;86 х 74;Артель Федора Рожнова. Москва, школа патриарших иконописцев;дерево, темпера;Спаситель, Богородица, Иоанн Предтеча, праведный Иосиф, ангелы, волхвы;начало;18;Россия;Угличский государственный историко-архитектурный и художественный музей;Праздники;Сюжетная композиция;None
3822;Благовещение;False;86 х 74;Артель Федора Рожнова. Москва, школа патриарших иконописцев;дерево, темпера;Богородица, архангел Гавриил;начало;18;Россия;Угличский государственный историко-архитектурный и художественный музей;Праздники;Сюжетная композиция;None
3823;Кассиан Угличский;False;34;Артель Федора Рожнова. Москва, школа патриарших иконописцев;дерево, темпера;кассиан Угличский;начало;18;Россия;Угличский государственный историко-архитектурный и художественный музей;Святые;Поясное;None
3824;Паисий Угличский;False;34;Артель Федора Рожнова. Москва, школа патриарших иконописцев;дерево, темпера;Паисий Угличский;начало;18;Россия;Угличский государственный историко-архитектурный и художественный музей;Святые;Поясное;None
3825;Знамение;False;18 х 16;Федор Рожнов (?);дерево, темпера;Богоматерь, младенец;начало;18;Россия;Угличский государственный историко-архитектурный и художественный музей;Богоматерь;Поясное;None
3826;Складень-кузов;False;40 х 56;Москва. школа патриарших иконописцев;дерево, темпера;Богоматерь;начало;18;Россия;Угличский государственный историко-архитектурный и художественный музей;Богоматерь;Поясное с клеймами;None
3827;Воскресение Христово - Сошествие во ад, со сценами Страстей;False;153 х 121,5;Федор Рожнов;дерево, темпера;Спаситель, Богородица, ангелы, апостолы;начало;18;Россия;Угличский государственный историко-архитектурный и художественный музей;Страстной и Пасхальный циклы;Сюжетная композиция с клеймами;None
3828;Царские врата с сенью;False;128 х 188, клейма 78 х 62;Артель Федора Рожнова. Москва, школа патриарших иконописцев;дерево, темпера;Богоматерь, Архангел Гавриил, Иоанн Богослов, Евангелист Матфей, Евангелист Лука, Евангелист Марк;начало;18;Россия;Угличский государственный историко-архитектурный и художественный музей;Сложные композиции;Многофигурное;Архангел Гавриил, Богоматерь, Иоанн Богослов, Матфей евангелист, Лука евангелист, Марк евангелист
3829;Иоанн Предтеча Ангел пустыни, с житием;False;125 х 110;Москва, школа царских изографов;дерево, темпера;Иоанн Предтеча;начало;18;Россия;Угличский государственный историко-архитектурный и художественный музей;Святые;Ростовое с клеймами;Иоанн Предтеча
3830;Иоанн Златоуст (из деисусного чина);False;128 х 66;Москва, школа Оружейной палаты;дерево, темпера;Иоанн Златоуст;конец;17;Россия;Угличский государственный историко-архитектурный и художественный музей;Святые;Ростовое;None
3831;Лука апостол (из деисусного чина);False;128 х 66;Москва, школа Оружейной палаты;дерево, темпера;Лука;конец;17;Россия;Угличский государственный историко-архитектурный и художественный музей;Святые;Ростовое;None
3832;Марк Евангелист (из деисуного чина);False;128 х 66;Москва, школа Оружейной палаты;дерево, темпера;Евангелист Марк;конец;17;Россия;Угличский государственный историко-архитектурный и художественный музей;Святые;Ростовое;None
3833;Григорий Богослов (из деисусного чина);False;128 х 66;Москва, школа Оружейной палаты;дерево, темпера;григорий Богослов;конец;17;Россия;Угличский государственный историко-архитектурный и художественный музей;Святые;Ростовое;None
3834;Никифор Патриарх (из деисуного чина);False;128 х 66;Москва, школа Оружейной палаты;дерево, темпера;Патриарх Никифор;конец;17;Россия;Угличский государственный историко-архитектурный и художественный музей;Святые;Ростовое;None
3835;Иерусалимская;False;125 х 104;Москва, школа Оружейной палаты;дерево, темпера;Богоматерь, младенец;начало;18;Россия;Угличский государственный историко-архитектурный и художественный музей;Богоматерь;Поясное;Спаситель
3836;Никола Чудотворец;False;125 х 104;Николай Вургаров (?);дерево, темпера;Спаситель, Николай, Богородица;конец;17;Россия;Угличский государственный историко-архитектурный и художественный музей;Святые;Поясное;Никола Чудотворец
3837;Христос Великий Архиерей;False;125 х 72;Петр Билиндин;дерево, темпера;Спаситель;конец;17;Россия;Угличский государственный историко-архитектурный и художественный музей;Спаситель;Тронное;None
3838;Одигитрия;False;125 х 108;Назарий Истомин (?);дерево, темпера;Богоматерь, младенец;первая половина;17;Россия;Угличский государственный историко-архитектурный и художественный музей;Богоматерь;Поясное;Богоматерь (Одигитрия)
3879;Христос Великий Архиерей (из деисусного чина);True;21 х18;Строгановский мастер (?);Дерево, левкас, паволока, темпера, ковчег;Спаситель;начало;17;Россия;Центральный музей древнерусской культуры и искусства имени Андрея Рублева, Москва;Спаситель;Оглавное или оплечное;None
3880;Богоматерь (из деисусного чина);True;21 х 18;Строгановский мастер (?);Дерево, левкас, темпера, ковчег;Богоматерь;начало;17;Россия;Центральный музей древнерусской культуры и искусства имени Андрея Рублева, Москва;Богоматерь;Оглавное или оплечное;None
3881;Иоанн предтеча (из деисусного чина);True;21 х 18;Строгановский мастер (?);Дерево, левкас, паволока, темпера, ковчег;Иоанн Предтеча;начало;17;Россия;Центральный музей древнерусской культуры и искусства имени Андрея Рублева, Москва;Святые;Оглавное или оплечное;None
3899;Иоанн Предтеча с клеймами жития и святыми на полях;True;45 х 37,8;Симеон Иванов. Подмосковная старообрядческая мастерская;Дерево, левкас, паволока, темпера, ковчег;Иоанн Предтеча, святые Ирина и Евдокия;Первая половина;19;Россия;Центральный музей древнерусской культуры и искусства имени Андрея Рублева, Москва;Святые;Ростовое с клеймами;None
3906;О тебе радуется;False;31 х 25,5;Мастерская Митрополита Макария;Дерево, левкас, темпера;Младенец-Христос, Богородица;середина;16;Россия;Монастырь святой Екатерины на Синае;Богоматерь;Многофигурное;None
3935;Спас Нерукотворный (в окладе);False;31,5 х 28;Николай Вургаров;Дерево, левкас, темпера, серебро, басма, гравировка, чеканка, золочение;Спаситель, ангелы;последняя четверть;17;Россия;Монастырь святой Екатерины на Синае;Спаситель;Оглавное или оплечное;None
3951;Иверская;False;118,5 х 82,5;Стефан;Дерево, левкас, темпера;Богоматерь, младенец;конец;18;Россия;Монастырь святой Екатерины на Синае;Богоматерь;Поясное;None
3954;Екатерина Великомученица, в житии;False;44,4 х 37,4;Антон Петушинский;Дерево, грунт, масло, серебро, чеканка, гравировка;Екатерина;конец;18;Россия;Монастырь святой Екатерины на Синае;Святые;Ростовое с клеймами;None
3959;Спас Вседержитель (из местного ряда иконостаса);False;52 х 40;Осип Белецкий;Дерево, левкас;Спаситель;Середина;19;Россия;Монастырь святой Екатерины на Синае;Спаситель;Поясное;None
3960;Черниговская-Ильинская;False;52 х 40;Осип Белецкий;Дерево, левкас;Богоматерь, младенец;середина;19;Россия;Монастырь святой Екатерины на Синае;Богоматерь;Поясное;None
3961;Иоанн Предтеча (из местного ряда иконостаса);False;52 х 40;Осип Белецкий;Дерево, левкас;Иоанн Предтеча;Середина;19;Россия;Монастырь святой Екатерины на Синае;Святые;Ростовое и сюжетная композиция;None
3962;Екатерина Великомученица ( из местного ряда иконостаса);False;52 х 40;Осип Белецкий;Дерево, левкас;Екатерина;Середина;19;Россия;Монастырь святой Екатерины на Синае;Святые;Тронное;Екатерина великомученица
3963;Спас Вседержитель (из местного ряда иконостаса);False;74 х 55,8;Феодот Киевлянин;Дерево, левкас, медь, чеканка;Спаситель;Середина;19;Россия;Монастырь святой Екатерины на Синае;Спаситель;Поясное;None
3965;Екатерина Великомученица ( из местного ряда иконостаса);False;71,5 х 51,5;Феодот Киевлянин;Дерево, левкас, медь, чеканка;Екатерина;Середина;19;Россия;Монастырь святой Екатерины на Синае;Святые;Тронное;Екатерина великомученица
3967;Казанская (в окладе);False;27,2 х 22;Фролов А.Ф.;дерево, масло, серебро, чеканка, гравировка, золочение;Богоматерь, младенец;Конец;19;Россия;Монастырь святой Екатерины на Синае;Богоматерь;Поясное;None
3975;Спас;False;104,0 х 82,0 см;Греческие мастера;Дерево, паволока, левкас, серебро, парча;Спаситель;первая треть;14;Россия;"Государственный историко-культурный музей-заповедник ""Московский Кремль""";Спаситель;Оглавное или оплечное;Спаситель
3979;Предста Царица;False;Высота: 203 см, ширина: 128 см;Сербский мастер (?);Дерево, паволока, левкас;Спаситель, Богоматерь, Иоанн Предтеча;около 1380 г.;14;Россия;"Государственный историко-культурный музей-заповедник ""Московский Кремль""";Сложные композиции;Ростовое;None
4023;Чудо Архангела Михаила о Флоре и Лавре;True;181 х 130,5;Исаакий Григорьев;дерево, темпера;Архангел Михаил, св.Флор, св.Лавр;начало;17;Россия;Череповецкое музейное объединение;Ангелы;Ростовое;Михаил Архангел
4053;Иоанн Богослов в молчании;True;107 х 84;Тихон Иванов Филатьев;дерево, темпера;Иоанн Богослов;вторая половина;17;Россия;Череповецкое музейное объединение;Святые;Поясное;Иоанн Богослов, Ангел
4070;Димитрий Ростовский;True;62,5 х 49,5;Алексей Лошков;дерево, темпера;Богоматерь, Спаситель, святой Димитрий, митрополит Ростовский;конец;18;Россия;Череповецкое музейное объединение;Святые;Поясное;None
4093;Рождество Христово;True;134 х 75;Павел Александрович Соцкий;дерево, темпера;Младенец Христос, Богородица, праведный Иосиф, служанка, ангелы, волхвы;вторая половина;19;Россия;Череповецкое музейное объединение;Праздники;Сюжетная композиция;Рождество Христово
4139;Погребение святого Иоанна Богослова;False;35,5 х 30,2;Никифор Савин;дерево, левкас, темпера;Иоанн Богослов, Прохор, ангелы;начало;17;Россия;Ризница Покровского собора при Рогожском кладбище;Святые;Ростовое и сюжетная композиция;None
4141;Богоматерь на престоле со святыми Григорием Богословом, Никитиой, Маврой и Евпраксией;False;36,8 х 31,8;Прокопий Чирин;дерево, левкас, темпера;Богоматерь, Григорий Богослов, Никита, Мавра, Евпраксия;начало;17;Россия;Ризница Покровского собора при Рогожском кладбище;Богоматерь;Тронное;None
4143;Владимирская с праздниками и святыми (складень трехстворчатый);False;40,2 х 74,2 х 7,4;Никифор Савин Истомин (?);дерево, левкас, темпера;Богоматерь, младенец,;первая четверть;17;Россия;Ризница Покровского собора при Рогожском кладбище;Богоматерь;Поясное с клеймами;"Складень иконы ""Богоматерь Владимирская"", Складень иконы ""Богоматерь Владимирская"""
4144;Минея октябрь (двусторонняя);False;18,8 х 14,4 х 0,2;Строгановский мастер?;Паволока, левкас, темпера;Прп.Иларион, Мч.Артемий, Аверкий еп.Иерапольский, Иаков, еп.Иерусалимский, Прп.Савва Вишерский, Вмч.Димитрий Солунский;начало;17;Россия;Ризница Покровского собора при Рогожском кладбище;Сложные композиции;Многофигурное;Минея октябрь (оборотная сторона)
4145;Минея ноябрь;False;18,8 х 14,4 х 0,2;Строгановский мастер?;Паволока, левкас, темпера;16 Апостол Матфей, св. Ипатий, 17. Св. Григорий Чудотворец Неокесарийский, Прп. Никон Радонежский, 18.Мчч.Платон и Роман диакон, 19. Авдий пророк. Нижний ряд:20. Прп. Григорий Декаполит, св. Прокл архиеп.Константинопольский, 21. Введение в церковь: 22 Св. aпостол Филимон, «от семидесяти», св. Михаил Тверской. Оборотная сторона (ил. 49.2). Верхний ряд:Григорий Акрагантский, св. Амфилохий Иконийский, 24. Св. Александр Невский, мц. Екатерина, вмч. Меркурий, мч. Меркурий Смоленский, 25. Св. Климент папа Римский, св. Петр Александрийский. Нижний ряд:26. Прп. Апимпий Столпник, вмч. Георгий: 27.Св.Иаков Перский (над Иаковом — Богоматерь Знамение), прп. Палладий, князь Всеволод — Гавриил Псковский, 28. Прп. Стефан Новый, 29. Мчч. Парамон и Филумен, прп. Акакий Синайский, 30. Св. Андрей Первозванный.;начало;17;Россия;Ризница Покровского собора при Рогожском кладбище;Сложные композиции;Многофигурное;Минея ноябрь (оборотная сторона)
4146;Минея декабрь (двусторонняя);False;18,8 х 14,4 х 0,2;Строгановский мастер?;Паволока, левкас, темпера;Св.Иосиф Обручник, сщмч.Евфимий, епископ Сардийский, Мч.Архидиакон Стефан. прп.Феодор Начертанный;начало;17;Россия;Ризница Покровского собора при Рогожском кладбище;Сложные композиции;Многофигурное;Минея декабрь (оборотная сторона)
4151;Иоанн Воинственник;True;32 х 27,2 (врезок 21,5 х 18,2);Оклад: серебрянных дел мастер Максим Петрович Шелапутин;дерево, левкас, темпера;Иоанн Воинственник;начало;17;Россия;Ризница Покровского собора при Рогожском кладбище;Святые;Ростовое;None
4157;Владимирская;False;88 х 70,3;Софрон;дерево, левкас, темпера;Богоматерь, младенец,;середина;17;Россия;Ризница Покровского собора при Рогожском кладбище;Богоматерь;Поясное;None
4158;Никола Чудотворец;False;35,5 х 28;Никита Павловец;Дерево, левкас, темпера, ткань;Св.Николай;конец;17;Россия;Ризница Покровского собора при Рогожском кладбище;Святые;Поясное;None
4174;Димитрий Солунский;False;32 х 26,9;Северный мастер (?);дерево, левкас, темпера;Христос, Димитрий Солунский;третья четверть;17;Россия;Ризница Покровского собора при Рогожском кладбище;Святые;Ростовое;None
4195;Днепрская;False;53,6 х 43,9;Андреев Салапин;дерево, левкас, темпера;Христос, Богоматерь;первая треть;19;Россия;Ризница Покровского собора при Рогожском кладбище;Богоматерь;Оглавное или оплечное;None
4201;Сергий Радонежский;False;30,7 х 25,4;М.И.Дикарев;дерево, темпера;Сергий Радонежский;конец;19;Россия;Ризница Покровского собора при Рогожском кладбище;Святые;Ростовое;None
4228;Алексий, человек Божий;False;141 х 51,5;Симон Ушаков;дерево, левкас, темпера;Алексий;вторая половина;17;Россия;Государственный Исторический музей, Москва;Святые;Ростовое;None
4239;Одигитрия;False;107,5 × 77,0 см;Симон Ушаков и его ученик Георгий Зиновьев (?);Дерево, темпера;Младенец Христос, Богородица;1675 - 1678 гг.;17;Россия;Музей русской иконы, Москва;Богоматерь;Поясное;Богоматерь (Одигитрия)
4242;Распятие Господне;False;80,5 х 61,0 х 3,0 см;Прохор с Городца (?);дерево, левкас, темпера;Спаситель, Богородица, апостол Иоанн Богослов, Лонгин сотник;1410 - 1420 гг.;15;Россия;Благовещенский собор Московского Кремля;Страстной и Пасхальный циклы;Сюжетная композиция;None
4315;Воздвижение Креста Господня;False;98 х 78,5;Василий Никитин Вощин;Дерево, левкас, темпера;Святитель Макарий Иерусалимский, священномученик Кириак Иерусалимский, равноапостольный царь Константин, равноапостольная царица Елена;1757 г.;18;Россия;Костромской государственный историко-архитектурный и художественный музей-заповедник;Праздники;Сюжетная композиция;None
4393;Одигитрия;False;147 х 110 см;Василий Никитин Вощин;Дерево, темпера, медь, басма, золочение;Спаситель, Богоматерь;1755 г.;18;Россия;Костромской государственный историко-архитектурный и художественный музей-заповедник;Богоматерь;Поясное;Богоматерь (Одигитрия)
4394;Феодоровская;False;65 х 49;Василий Никитин Вощин;Дерево, темпера;Спаситель, Богоматерь;середина;18;Россия;Костромской государственный историко-архитектурный и художественный музей-заповедник;Богоматерь;Поясное;None
4411;Печерская с предстоящими преподобными Антонием и Феодосием;False;164,3 х 167,4;Василий Никитин Вощин;Дерево, левкас, темпера, золото;Спаситель, Богоматерь, прп. Феодосий Печерский, прп. Антоний Печерский;1757 г.;18;Россия;Костромской государственный историко-архитектурный и художественный музей-заповедник;Богоматерь;Тронное;None
4412;Одигитрия;False;167 х 128,2;Василий Никитин Вощин;Дерево, левкас, темпера, золото;Спаситель, Богоматерь;1757 г.;18;Россия;Костромской государственный историко-архитектурный и художественный музей-заповедник;Богоматерь;Поясное;None
4413;Священномученик Ипатий, епископ Гангрский;False;168 х 78;Василий Никитин Вощин;Дерево, левкас, темпера, золото;Священномученик Ипатий, епископ Гангрский;1757 г.;18;Россия;Костромской государственный историко-архитектурный и художественный музей-заповедник;Святые;Ростовое;None
4414;Архидиакон Филипп. Диаконская южная дверь;False;200,2 х 91,8;Василий Никитин Вощин;Дерево, левкас, темпера, золото;Архидиакон Филипп;1757 г.;18;Россия;Костромской государственный историко-архитектурный и художественный музей-заповедник;Святые;Ростовое;None
4416;Никола Чудотворец;False;166,7 х 78;Василий Никитин Вощин;Дерево, левкас, темпера, золото;Святитель Николай Чудотворец;1757 г.;18;Россия;Костромской государственный историко-архитектурный и художественный музей-заповедник;Святые;Ростовое;None
4417;Архидиакон Стефан. Диаконская северная дверь.;False;202 х 91;Василий Никитин Вощин;Дерево, левкас, темпера, золото;Архидиакон Стефан;1757 г.;18;Россия;Костромской государственный историко-архитектурный и художественный музей-заповедник;Святые;Ростовое;None
4421;Святая Троица;False;158,5 х 128;Василий Никитин Вощин;Дерево, левкас, темпера, золото;Святая Троица;1757 г.;18;Россия;Костромской государственный историко-архитектурный и художественный музей-заповедник;Троица;Сюжетная композиция;None
4425;Иерусалимская;False;162,5 х 125,5;Василий Никитин Вощин;Дерево, левкас, темпера, золото;Спаситель, Богоматерь;1757 г.;18;Россия;Костромской государственный историко-архитектурный и художественный музей-заповедник;Богоматерь;Поясное;None
4453;Богоявление;False;160 х 89;И. Удалов;Дерево, масло, чеканка;Спаситель, Иоанн Предтеча, ангелы;1907 г.;20;Россия;Рыбинский государственный историко-архитектурный и художественный музей-заповедник;Праздники;Сюжетная композиция;Спаситель, Иоанн Предтеча и ангелы (Богоявление)
4454;Александр Невский и Мария Магдалина;False;107 х 70,6;Круг мастерской Пешехоновых;Дерево, масло, чеканка;Благоверный князь Александр Невский и св. Мария Магдалина;19 - 20 вв.;19;Россия;Рыбинский государственный историко-архитектурный и художественный музей-заповедник;Святые;Ростовое;Александр Невский и Мария Магдалина
4455;Елеуса Кикская;True;118 х 99;Леонтий Яковлевич Тюменев;Дерево, темпера;Спаситель, Богоматерь;1693 г.;17;Россия;Рыбинский государственный историко-архитектурный и художественный музей-заповедник;Богоматерь;Поясное;None
4504;Ираида мученица;True;22,4 х 18,2;В. Е. Егоров (?);Дерево, темпера;мученица Ираида;Начало;19;Россия;Рыбинский государственный историко-архитектурный и художественный музей-заповедник;Святые;Оглавное или оплечное;Ираида мученица
4559;Мария Магдалина, преподобный Петр Афонский, апостол Матфей, мученица Наталия и преподобная Ксения, предстоящие Святой Троице Новозаветной;True;30,9 х 26,9;Романовские письма (?);Дерево, темпера;Равноапостольная Мария Магдалина, преподобный Петр Афонский, апостол Матфей, мученица Наталия и преподобная Ксения;18 - 19 вв.;18;Россия;Рыбинский государственный историко-архитектурный и художественный музей-заповедник;Святые;Ростовое и многофигурное;Мария Магдалина, преподобный Петр Афонский, апостол Матфей, мученица Наталия и преподобная Ксения, предстоящие Святой Троице Новозаветной
4560;Четырехчастная икона: Успение Богоматери, святитель Николай Чудотворец, пророк Илия, святой архидиакон Филипп и преподобная Евдокия;True;35,5 х 29,6;Романовские письма;Дерево, темпера;Спаситель, Богородица, ангелы, апостолы, святитель Николай Чудотворец, пророк Илия, святой архидиакон Филипп и преподобная Евдокия;Первая треть;19;Россия;Рыбинский государственный историко-архитектурный и художественный музей-заповедник;Сложные композиции;Сюжетная композиция с клеймами;Успение
4579;Никола Зарайский;True;32 х 25,3;Монах Алимпий;Дерево, темпера;Свт. Николай;1782 г.;18;Россия;Рыбинский государственный историко-архитектурный и художественный музей-заповедник;Святые;Ростовое;Никола Зарайский
4592;Владимирская;True;31,4 х 25,8;Петр Михалков;Дерево, темпера;Спаситель, Богоматерь;первая треть;18;Россия;Рыбинский государственный историко-архитектурный и художественный музей-заповедник;Богоматерь;Поясное;Спаситель и Богоматерь (Владимирская)
4633;Боголюбская со священномучеником Харлампием, преподобномучеником Адрианом Пошехонским и великомученицей Варварой;False;31,7 х 26,1;Круг романовских мастерских (?);Дерево, темпера;Богоматерь, священномученик Харлампий, преподобномученик Адриан Пошехонский, великомученица Варвара;18 - 19 вв.;18;Россия;Рыбинский государственный историко-архитектурный и художественный музей-заповедник;Богоматерь;Ростовое и многофигурное;Богоматерь (Боголюбская)
4666;Никола Чудотворец и преподобная Ксения;True;30,8 х 26,8;Василий Василевский;Дерево, масло;свт. Николай, преподобная Ксения;1755 г.;18;Россия;Рыбинский государственный историко-архитектурный и художественный музей-заповедник;Святые;Сюжетная композиция;None
4686;Богоматерь с Младенцем;False;36,6 х 33,2;М. В. Нестеров;Дерево, масло;Спаситель, Богоматерь;1907 г.;20;Россия;Рыбинский государственный историко-архитектурный и художественный музей-заповедник;Богоматерь;Оглавное или оплечное;Богоматерь с Младенцем
4782;Воскресение Христово - Сошествие во ад, с праздниками;False;36,4 х 29,2 см;Палех;Дерево, темпера;Спаситель, Адам, Ева, Давид, Соломон, Иоанн Предтеча, Авель, праведники, ангелы;Начало;19;Россия;Британский музей, Лондон;Страстной и Пасхальный циклы;Сюжетная композиция с клеймами;None
4784;Феодоровская;False;22,6 х 17,5 см;Мстера?;Дерево, темпера;Спаситель, Богоматерь;19 - 20 вв.;19;Россия;Британский музей, Лондон;Богоматерь;Поясное;None
4823;Рождество Богородицы, со сценами жития;False;36 х 31;Палех;Дерево, темпера;Богоматерь, праведный Иоаким, праведная Анна;около 1800 - 1850 гг.;19;Россия;Британский музей, Лондон;Праздники;Сюжетная композиция с клеймами;None
4834;Георгий и Феодор;False;23,8 х 16,1;французский мастер, работавший в Леванте;Дерево, темпера;Великомученики Георгий Победоносец и Феодор Тирон;около 1250-х гг.;13;Египет;Монастырь святой Екатерины на Синае;Святые;Конное;None
4883;Панагия Гликофилуса;False;37,0 × 30,4 см;Мастерская Ангелоса Акотантоса;Дерево, темпера;Младенец-Христос, Богородица;середина;15;Крит;Музей русской иконы, Москва;Богоматерь;Поясное;None
4894;Тихвинская;False;41,5 × 33,5 см;Мастер Оружейной палаты;Дерево, темпера;Младенец-Христос, Богородица;последняя четверть - конец;17;Россия;Музей русской иконы, Москва;Богоматерь;Поясное;None
4912;Максим Исповедник, Нифонт епископ Кипрский, Иоанн Дамаскин, Ефрем Сирин в молении перед Спасом Нерукотворным;False;31,2 х 21,6;Мастер круга М.Ф. Архиповского (?). Оклад: А.Ф. Колотошин.;Дерево, темпера;Преподобный Максим Исповедник, Нифонт епископ Кипрский, Иоанн Дамаскин, Ефрем Сирин;1809 г. Оклад 1867 г.;19;Россия;Музей русской иконы, Москва;Святые;Многофигурное;None
4915;Ольга княгиня, с житием;False;33,8 х 28,7;Мастерская Богатыревых;Дерево, темпера;Княгиня Ольга;1836 г. Оклад 1850 г.;19;Россия;Музей русской иконы, Москва;Святые;Ростовое;None
4916;Троица Ветхозаветная (с деяниями);False;36,2 х 28;Палех (?);Дерево, темпера;Ангелы;последняя четверть;18;Россия;Музей русской иконы, Москва;Троица;Сюжетная композиция;None
4917;Воскресение Христово - Сошествие во ад, с праздниками;False;53,3 х 43,8;Палех;Дерево, темпера;Спаситель, Адам, Ева, Давид, Соломон, праведники;Начало;19;Россия;Музей русской иконы, Москва;Страстной и Пасхальный циклы;Сюжетная композиция с клеймами;None
4918;Предста Царица со святыми и с припадающими преподобными Зосимой и Савватием Соловецкими;False;35,4 х 29;Палех;Дерево, темпера;Спаситель, Богородица, Иоанн Предтеча;последняя четверть;18;Россия;Музей русской иконы, Москва;Сложные композиции;Ростовое и многофигурное;None
4919;Мария Египетская, в житии;False;53,4 х 43,7;Палех;Дерево, темпера;Мария Египетская преподобная;последняя четверть - конец;18;Россия;Музей русской иконы, Москва;Святые;Сюжетная композиция;None
4920;Борис и Глеб, в житии;False;38 х 32,7;Палех;Дерево, темпера;Страстотерпец князь Борис, страстотерпец князь Глеб;первая треть - вторая четверть;19;Россия;Музей русской иконы, Москва;Святые;Ростовое с клеймами;None
4921;Иконостас;False;31,3 х 27;Палех;Дерево, темпера;святые;1830 - 1840 гг.;19;Россия;Музей русской иконы, Москва;Сложные композиции;Многофигурное;None
4922;Борис и Глеб;False;32 х 27,3;Мстёра;Дерево, темпера;Страстотерпец князь Борис, страстотерпец князь Глеб;1815 г.;19;Россия;Музей русской иконы, Москва;Святые;Конное;None
4923;Спас Вседержитель;False;31,2 х 26,5;Мстёра;Дерево, темпера;Спаситель;середина - третья четверть;19;Россия;Музей русской иконы, Москва;Спаситель;Поясное;None
4924;Владимир, равноапостольный князь;False;35,9 х31;Мстёра;Дерево, темпера;Равноапостольный князь Владимир;Последняя четверть;19;Россия;Музей русской иконы, Москва;Святые;Ростовое;None
4925;Пантелеимон, в житии;False;31 х 26,5;И. С. Чириков;Дерево, темпера;Великомученик Пантелеимон;1892 г.;19;Россия;Музей русской иконы, Москва;Святые;Поясное с клеймами;None
4927;Честная глава Иоанна Предтечи;False;30,9 х 26,6;Мастерская И. С. Чирикова.;Дерево, темпера;Пророк Иоанн Предтеча;1880 - 1890 гг.;19;Россия;Музей русской иконы, Москва;Сложные композиции;Оглавное или оплечное;None
4928;Распятие Господне, Спас Нерукотворный, Благовещение, Избранные святые;False;45 х 35,2;Мастерская М. И. Дикарёва;Дерево, темпера;Спаситель, Богородица, архангел Гавриил, преподобный Сергий Радонежский, преподобный Александр Свирский;1880 - 1890 гг.;19;Россия;Музей русской иконы, Москва;Страстной и Пасхальный циклы;Сюжетная композиция;None
4929;Филипп, митрополит Московский;True;161 х 110;Симон Ушаков;дерево, темпера;Филипп, митрополит Московский, Спаситель;середина;17;Россия;Государственная Третьяковская галерея, Москва;Святые;Ростовое;None
4930;Благовещение (с акафистом);True;144,8 х 103,5;Яков Рудаков Казанец, Гаврила Кондратьев, Симон Ушаков;дерево, темпера;Богоматерь, Архангел Гавриил;середина;17;Россия;Государственный Исторический музей, Москва;Праздники;Сюжетная композиция с клеймами;Осада Константинополя, Возвращение Волхвов, Благовещение, Поклонение Христу Вседержителю, Поклонение Христу Вседержителю в Храме
4932;Казанская;False;31,2 х 26,8;Мастерская В. П. Гурьянова. Оклад: Д. Смирнов;Дерево, темпера;Младенец-Христос, Богородица;начало;20;Россия;Музей русской иконы, Москва;Богоматерь;Оглавное или оплечное;None
4936;Тихвинская;False;96,3 х 59;Старообрядческая мастерская;Дерево, темпера;Младенец-Христос, Богородица;Вторая четверть - середина;19;Россия;Музей русской иконы, Москва;Богоматерь;Поясное;None
4937;Никола Чудотворец;False;96,3 х 59;Старообрядческая мастерская;Дерево, темпера;Святитель Николай Мирликийский;Вторая четверть - середина;19;Россия;Музей русской иконы, Москва;Святые;Поясное;None
4940;Обитель Соловецких чудотворцев;False;31 х 26,1 см;Мастерские Соловецкого монастыря (?);Дерево, темпера;преподобные Савватий и Зосима Соловецкие;первая половина;17;Россия;Музей русской иконы, Москва;Сложные композиции;Сюжетная композиция;None
4944;Воскресение Христово - Сошествие во ад;False;81,0 х 61,0 х 3.2 см;Прохор с городца;Дерево, темпера;Спаситель, Адам, Ева, Иоанн Предтеча, пророки Давид, Соломон;начало;15;Россия;Благовещенский собор Московского Кремля;Страстной и Пасхальный циклы;Сюжетная композиция;Воскресение Христово - Сошествие во ад
4947;Воскресение Христово - Сошествие во ад;True;124 х 94;Круг Андрея Рублева и Даниила Черного;Дерево, темпера;Спаситель, Адам, Ева, Иоанн Предтеча, пророки Давид, Соломон;1408 г.;15;Россия;Государственная Третьяковская галерея, Москва;Страстной и Пасхальный циклы;Сюжетная композиция;None
4949;Спас Вседержитель;False;30 х 25;Круг Дионисия;Дерево, темпера;Спаситель;последняя четверть;15;Россия;Государственная Третьяковская галерея, Москва;Спаситель;Поясное;None
4953;Спас Нерукотворный;True;55,5 х 41,7;Симон Ушаков с сыном Петром;Дерево, темпера;Спаситель;вторая половина;17;Россия;Тульский областной историко-архитектурный и литературный музей;Спаситель;Оглавное или оплечное;None
4954;Сошествие Святого Духа;True;223 х 157;Симон Ушаков;Дерево, темпера;Богоматерь, Апостолы, Святая Троица с Богом Отцом;вторая половина;17;Россия;Сергиево-Посадский государственный историко-художественный музей-заповедник;Страстной и Пасхальный циклы;Сюжетная композиция;Апостолы
4955;Спас Вседержитель на престоле, с припадающими преподобными Сергием и Никоном Радонежскими;True;149 х 83;Симон Ушаков;Дерево, темпера;Спаситель, Ангелы;вторая половина;17;Россия;Сергиево-Посадский государственный историко-художественный музей-заповедник;Спаситель;Тронное;None
4959;Спас Нерукотворный;True;54 х 43;Симон Ушаков;Дерево, темпера;Спаситель;вторая половина;17;Россия;Пермская государственная художественная галерея;Спаситель;Оглавное или оплечное;None
4960;Сошествие Святого Духа;True;102,5 х 48,5;Иосиф Вдадимиров (?);Дерево, темпера;Богоматерь, апостолы;вторая половина;17;Россия;Государственный Исторический музей, Москва;Страстной и Пасхальный циклы;Сюжетная композиция;Архитектура
4961;Живоносный источник;True;53,5 х 42,5;Сергей Рожков, Симон Ушаков (?);Дерево, темпера;Богоматерь;вторая половина;17;Россия;Государственный Исторический музей, Москва;Богоматерь;Сюжетная композиция с клеймами;Богоматерь живоносный источник
4981;Спас Нерукотворный;True;47,5 х 39,5;Симон Ушаков;Дерево, темпера;Спаситель;вторая половина;17;Россия;Государственный Исторический музей, Москва;Спаситель;Оглавное или оплечное;None
4984;Спас на престоле;True;140 х 101;Симон Ушаков;Дерево, темпера;Спаситель;вторая половина;17;Россия;Государственный Исторический музей, Москва;Спаситель;Тронное;Ангелы
4985;Спас Нерукотворный;False;18,5 х 73,5;Николай Соломонов;Дерево, темпера;Спаситель;1694 г.;17;Россия;Государственный Исторический музей, Москва;Спаситель;Оглавное или оплечное;None
4989;Иоанн Богослов в молчании;True;33 х 28;Симон Ушаков;Дерево, темпера;Иоанн Богослов, Ангел;вторая половина;17;Россия;Сергиево-Посадский государственный историко-художественный музей-заповедник;Святые;Поясное;Иоанн Богослов
4990;Спас Нерукотворный;True;52,3 х 41,4;Симон Ушаков;Дерево, темпера;Спаситель;вторая половина;17;Россия;Новгородский государственный объединенный музей-заповедник;Спаситель;Оглавное или оплечное;None
4991;Никола Чудотворец;True;34 х 28,3;Симон Ушаков;Дерево, темпера;Николай Чудотворец;вторая половина;17;Россия;Церковно-Археологический кабинет Московской Православной Духовной Академии;Святые;Поясное;None
4992;Михаил архангел;True;125,5 х 88,5;Симон Ушаков с учеником;Дерево, темпера;Архангел Михаил;вторая половина;17;Россия;Частное собрание;Ангелы;Ростовое;Архангел Михаил
4993;Спас Нерукотворный, с утренними евангельскими стихирами Октоиха;False;93 х 71;Симон Ушаков и мастерская;Дерево, темпера;Спаситель;вторая половина;17;Россия;Церковь Ильи Пророка;Спаситель;Оглавное или оплечное, с клеймами;Спаситель
4994;Рождество Христово;False;81,0 х 62,0 х 2,7 см;Андрей Рублев;Дерево, паволока, левкас;Младенец Христос, Богородица, праведный Иосиф, служанка, ангелы, пастухи, волхвы;начало;15;Россия;Благовещенский собор Московского Кремля;Праздники;Сюжетная композиция;Волхвы (Рождество Христово), Ангелы (Рождество Христово), Младенец (Рождество Христово), Иосиф (Рождество Христово), Богоматерь (Рождество Христово), Омовение Младенца (Рождество Христово
5001;Киккская;True;146 х 121;Симон Ушаков;дерево, темпера;Богоматерь, младенец;вторая половина;17;Россия;Государственный Владимиро-Суздальский историко-архитектурный и художественный музей-заповедник;Богоматерь;Поясное;Киккская
5002;Никон Радонежский;True;215 х 70;Симон Ушаков;дерево, темпера;Никон Радонежский;вторая половина;17;Россия;Сергиево-Посадский государственный историко-художественный музей-заповедник;Святые;Ростовое;None
5003;Спас Нерукотворный;False;136 х 82;Симон Ушаков;дерево, темпера;Спаситель;вторая половина;17;Россия;Частное собрание;Спаситель;Оглавное или оплечное;None
5004;Артемон Лаодикийский;True;122 х 77,4;Симон Ушаков;дерево, темпера;Священномученик Артемон Лаодикийский;вторая половина;17;Россия;Храм Рождества Богородицы в Ново-Симоновском монастыре (Москва);Святые;Поясное;None
5005;Спас Нерукотворный;True;53,4 х 43;Симон Ушаков;дерево, темпера;Спаситель;вторая половина;17;Россия;Государственный Исторический музей, Москва;Спаситель;Оглавное или оплечное;None
5006;Георгий великомученник;True;112 х 46;Симон Ушаков;дерево, темпера;Георгий, святая Троица;вторая половина;17;Россия;Национальный музей Грузии (музей искусств Грузии имени Ш.Я.Амиранашвили);Святые;Ростовое;None
5009;Рождество Христово;False;71 × 53 см;Школа Андрея Рублева;Дерево, темпера;Младенец Христос, Богородица, праведный Иосиф, служанка, ангелы, волхвы;1410 - 1430 гг.;15;Россия;Государственная Третьяковская галерея, Москва;Праздники;Сюжетная композиция;Поклонение пастухов
5012;Казанская;True;28,5 х 25,1;Симон Ушаков;Дерево, темпера;Богоматерь, младенец;вторая половина;17;Россия;Государственный Эрмитаж, Санкт-Петербург;Богоматерь;Оглавное или оплечное;None
5013;Феодор Стратилат;True;156 х 53,5;"Симон Ушаков ""с товарищи""";Дерево, темпера;Феодор Стратилат;вторая половина;17;Россия;"Государственный историко-культурный музей-заповедник ""Московский Кремль""";Святые;Ростовое;None
5014;Одигитрия;True;107,5 х 77;Симон Ушаков и ученик (Георгий Зиновьев?);Дерево, темпера;Богоматерь, младенец;вторая половина;17;Россия;Музей русского импрессионизма;Богоматерь;Поясное;Одигитрия
5016;Спас Нерукотворный;True;37,6 х 32,5;Симон Ушаков;Дерево, темпера;Спаситель;вторая половина;17;Россия;Государственный Русский музей, Санкт-Петербург;Спаситель;Оглавное или оплечное;None
5017;Деисус;False;61.5 × 146.5 см;Школа или художественный центр: Владимир (?);Дерево, темпера;Спаситель, Богоматерь, Иоанн Предтеча;1201 - 1234 гг.;13;Россия;Государственная Третьяковская галерея, Москва;Сложные композиции;Оглавное или оплечное;None
5018;Спас Нерукотворный;True;142 х 93;Симон Ушаков;Дерево, темпера;Спаситель;вторая половина;17;Россия;Сергиево-Посадский государственный историко-художественный музей-заповедник;Спаситель;Оглавное или оплечное;None
5019;Рождество Иоанна Предтечи (двусторонняя икона-таблетка);False;24 × 19.5 см;Школа или худ. центр: Новгород;Дерево, темпера;Иоанн Предтеча, праведный Захария, праведная Елизавета, служанки;15 - 16 вв.;15;Россия;Государственная Третьяковская галерея, Москва;Праздники;Сюжетная композиция;None
5023;Благовещение;False;56,7 х 43,2;Симон Ушаков;Дерево, темпера;Богоматерь, архангел Гавриил;вторая половина;17;Россия;Государственная Третьяковская галерея, Москва;Праздники;Сюжетная композиция;Богоматерь
5025;Воскрешение Лазаря;False;57 х 37,6;Никита Павловец;Дерево, темпера;Спаситель, апостолы, праведная Марфа, праведная Мария, праведный Лазарь;вторая половина;17;Россия;Государственная Третьяковская галерея, Москва;Страстной и Пасхальный циклы;Сюжетная композиция;Воскрешение Лазаря
5026;Вход в Иерусалим;False;56,4 х 43,3;Федор Козлов;Дерево, темпера;Спаситель, Апостолы;вторая половина;17;Россия;Государственная Третьяковская галерея, Москва;Страстной и Пасхальный циклы;Сюжетная композиция;Вход в Иерусалим
5027;Распятие Господне;False;56,5 х 43,5;Георгий Зиновьев;Дерево, темпера;Богоматерь, Спаситель, святые жены;вторая половина;17;Россия;Государственная Третьяковская галерея, Москва;Страстной и Пасхальный циклы;Сюжетная композиция;Иоанн Богослов
5028;Воскресение Христово - сошествие во ад;False;56,5 х 42,5;Мастер Оружейной палаты;Дерево, темпера;Спаситель, Адам, Ева, Иоанн Предтеча, пророки Давид, Соломон;вторая половина;17;Россия;Государственная Третьяковская галерея, Москва;Страстной и Пасхальный циклы;Сюжетная композиция;Иоанн Предтеча
5029;Смертный человек, бойся того, кто над тобой;True;90 х 75,5;Симон Ушаков(?);Дерево, темпера;Спаситель, юноша;вторая половина;18;Россия;Государственная Третьяковская галерея, Москва;Сложные композиции;Ростовое и сюжетная композиция;None
5031;Алексий, митрополит Московский;True;47,2 х 34;Михаил Милютин;Дерево, темпера;Алексий;вторая половина;17;Россия;Государственный Русский музей, Санкт-Петербург;Святые;Ростовое;Алексий, митрополит Московский
5032;Иосиф праотец (из праотеческого ряда иконостаса);True;75,5 х 66,5;Петр Билиндин;Дерево, темпера;Праотец Иосиф;начало;18;Россия;Государственная Третьяковская галерея, Москва;Святые;Поясное;None
5033;Новоникитская;True;52 х 41,7;Феодот Протопопов (Ухтомский);Дерево, темпера;Богоматерь, спаситель;вторая половина;17;Россия;Государственный Русский музей, Санкт-Петербург;Богоматерь;Поясное;None
5034;Одигитрия;True;140 х 133,5;Феодот Протопопов (Ухтомский);Дерево, темпера;Богоматерь, младенец;начало;18;Россия;Переславль-Залесский государственный историко-архитектурный и художественный музей-заповедник;Богоматерь;Поясное;None
5035;Спас Вседержитель;True;73 х 39;Феодот Ухтомский;Дерево, темпера;Спаситель;начало;18;Россия;Государственная Третьяковская галерея, Москва;Спаситель;Поясное;Спас Вседержитель
5036;Спас Нерукотворный;True;52,5 х 42,5;Феодот Протопопов (Ухтомский);Дерево, темпера, серебро, чеканка, скань, эмаль полихромная, гравировка, золочение;Спаситель;начало;18;Россия;Государственная Третьяковская галерея, Москва;Спаситель;Оглавное или оплечное;None
5037;Никола Чудотворец;True;17 х 14,5;Феодот Протопопов (Ухтомский);Дерево, темпера;Николай Чудотворец;начало;18;Россия;Государственный Эрмитаж, Санкт-Петербург;Святые;Оглавное или оплечное;None
5039;Царские врата;True;316 х 97,5 , 316 х 88;мастер круга Симона Ушакова;Дерево, темпера;Евангелисты Лука, Марк, Матфей, Богоматерь, архангел Гавриил;вторая половина;17;Россия;Троице-Сергиева лавра;Сложные композиции;Многофигурное;Евангелисты Лука и Марк
5040;Спас Нерукотворный;True;48,5 х 41;Симон Федоров (?);Дерево, темпера;Спаситель;вторая половина;18;Россия;Государственный Русский музей, Санкт-Петербург;Спаситель;Оглавное или оплечное;None
5042;Успение;False;56,5 х 43,2;Иван Филатьев;Дерево, темпера;Спаситель, Богородица, ангелы, апостолы, нечестивый Афоний;вторая половина;17;Россия;Государственная Третьяковская галерея, Москва;Праздники;Сюжетная композиция;Успение, Успение
5043;Спас Вседержитель;True;130 х 90;Георгий Зиновьев;Дерево, темпера;Спаситель;вторая половина;17;Россия;Государственный музей истории религии, Санкт-Петербург;Спаситель;Поясное;Вседержитель
5044;Одигитрия;True;130 х 90;Георгий Зиновьев;Дерево, темпера;Богоматерь;вторая половина;17;Россия;Государственный музей истории религии, Санкт-Петербург;Богоматерь;Поясное;None
5045;Григорий Неокесарийский;True;130,4 х 76,9;Георгий Зиновьев (?);Дерево, темпера;Григорий Неокесарийский;вторая половина;17;Россия;Государственный Исторический музей, Москва;Святые;Поясное;None
5046;Иверская;True;142 х 112;Георгий Зиновьев с учеником Евфимием;Дерево, темпера;Богоматерь, младенец;вторая половина;17;Россия;Государственный музей истории религии, Санкт-Петербург;Богоматерь;Поясное;None
5047;Спас Вседержитель (из деисусного чина);True;52,2 х 43,8;Георгий Зиновьев с учеником Федором;Дерево, темпера;Богоматерь;вторая половина;17;Россия;Государственный Русский музей, Санкт-Петербург;Спаситель;Оглавное или оплечное;None
5048;Богоматерь (из деисусного чина);True;52,5 х 43,9;Георгий Зиновьев с учеником Федором;Дерево, темпера;Богоматерь;вторая половина;17;Россия;Государственный Русский музей, Санкт-Петербург;Богоматерь;Оглавное или оплечное;None
5049;Иоанн Предтеча;True;52,8 х 44,1;Георгий Зиновьев с учеником Федором;Дерево, темпера;Иоанн Предтеча;вторая половина;17;Россия;Государственный Русский музей, Санкт-Петербург;Святые;Оглавное или оплечное;None
5050;Царь царем;True;144 х 77;Георгий Зиновьев с учеником Георгием Торопчениным;Дерево, темпера;Спаситель;вторая половина;17;Россия;Государственная Третьяковская галерея, Москва;Спаситель;Поясное;None
5051;Троица;True;154 х 110,5;Илья Филиппов;Дерево, темпера;Ангелы;вторая половина;17;Россия;Пермская государственная художественная галерея;Троица;Сюжетная композиция;None
5053;Благовещение;True;87 х 71;Иван Максимов;Дерево, темпера;Богородица, архангел Гавриил;вторая половина;17;Россия;Государственная Третьяковская галерея, Москва;Праздники;Сюжетная композиция;Архангел Гавриил
5054;Спас Нерукотворный;True;143,5 х 111,5;Иван Максимов;Дерево, темпера;Спаситель;вторая половина;17;Россия;Пермская государственная художественная галерея;Спаситель;Оглавное или оплечное;None
5055;Иверская;True;155 х 110,5;Иван Максимов;Дерево, темпера;Богоматерь, младенец;вторая половина;17;Россия;Пермская государственная художественная галерея;Богоматерь;Поясное;None
5056;Царь царем;True;71,5 х 53,5;Иван Максимов;Дерево, темпера;Спаситель;вторая половина;17;Россия;Пермская государственная художественная галерея;Спаситель;Тронное;None
5057;Спас Вседержитель;False;33,7 х 27,4;Иван Максимов;Дерево, темпера;Спаситель;вторая половина;17;Россия;Государственный Исторический музей, Москва;Спаситель;Поясное;None
5058;Преображение;True;154 х 108;Иван Максимов и Василий Иванов Максимов;Дерево, темпера;Спаситель, прор.Илия, прор.Моисей, ап.Петр, ап.Иаков, ап.Иоанн;вторая половина;17;Россия;Государственный Исторический музей, Москва;Праздники;Сюжетная композиция;None
5059;Распятие Господне;True;135 х 123;Михаил Милютин;Дерево, темпера;Спаситель, Богоматерь, Мария Магдалина, Иоанн Богослов, Лонгин Сотник;вторая половина;17;Россия;"Государственный историко-культурный музей-заповедник ""Московский Кремль""";Страстной и Пасхальный циклы;Сюжетная композиция;None
5060;Спас Эммануил;True;37, 4 х 31,9;Михаил Милютин;Дерево, темпера;Спаситель;вторая половина;17;Россия;Государственный Исторический музей, Москва;Спаситель;Оглавное или оплечное;None
5061;Михаил архангел;True;37 х 31,5;Михаил Милютин;Дерево, темпера;Архангел Михаил;вторая половина;17;Россия;Государственный Исторический музей, Москва;Ангелы;Оглавное или оплечное;None
5062;Гавриил архангел;True;37 х 31,1;Михаил Милютин;Дерево, темпера;Архангел Гавриил;вторая половина;17;Россия;Государственный Исторический музей, Москва;Ангелы;Оглавное или оплечное;None
5063;Одигитрия Смоленская;True;35 х 31;Михаил Милютин;Дерево, темпера;Богоматерь, младенец;вторая половина;17;Россия;Государственный Исторический музей, Москва;Богоматерь;Поясное;None
5064;Муромская;False;31,5 х 26,4;Симон Ушаков;Дерево, темпера;Богоматерь, младенец;вторая половина;17;Россия;Частное собрание;Богоматерь;Поясное;None
5065;Троица;True;106,5 х 79;Симон Ушаков, Никита Павловец;Дерево, темпера;Ангелы;вторая половина;17;Россия;"Московский государственный объединенный художественный историко-архитектурный и природно-ландшафтный музей-заповедник ""Коломенское""";Троица;Сюжетная композиция;Ангелы, горки
5066;Новоникитская;True;111 х 76;Симон Ушаков, Михаил Милютин;Дерево, темпера;Богоматерь, младенец;вторая половина;17;Россия;"Государственный историко-культурный музей-заповедник ""Московский Кремль""";Богоматерь;Поясное;Богоматерь
5067;Спас Нерукотворный;True;53,5 х 43,5;Симон Ушаков;Дерево, темпера;Спаситель;вторая половина;17;Россия;Государственная Третьяковская галерея, Москва;Спаситель;Оглавное или оплечное;None
5068;Спас Эммануил;True;32 х 24;Симон Ушаков;Дерево, темпера;Спаситель;вторая половина;17;Россия;Иркутский областной художественный музей им. В.П. Сукачева;Спаситель;Оглавное или оплечное;None
5097;Воскресение Христово - сошествие во ад, со сценами земной жизни Христа и праздниками;True;127 х 158 х 3,3.;Деонисей Дмитреев Гринков;Дерево, ковчег, паволока, левкас, темпера, резьба;Спаситель, Адам, Ева, цари Давид, Соломон, священник Мелхиседек, Иоанн Предтеча, пророк Даниил;вторая половина;16;Россия;Вологодский государственный историко-архитектурный и художественный музей-заповедник;Страстной и Пасхальный циклы;Сюжетная композиция с клеймами;Спаситель
5102;Преображение;False;80,5 х 61,0 х 3,0 см;Андрей Рублев;Дерево, паволока, левкас;Спаситель, пророк Моисей, пророк Илия, апостол Иоанн, апостол Иаков, апостол Петр;начало;15;Россия;"Государственный историко-культурный музей-заповедник ""Московский Кремль""";Праздники;Сюжетная композиция;Спаситель, Спаситель, Моисей, Илия, Апостолы
5106;Одигитрия (на обороте Святой Георгий);False;174 х 122;греческие мастера;Дерево, паволока, левкас;Богоматерь, младенец;начало;12;Россия;"Государственный историко-культурный музей-заповедник ""Московский Кремль""";Богоматерь;Поясное;Богоматерь, Богоматерь, Спаситель, Спаситель, Спаситель, Богоматерь
5129;Богоматерь со святыми Иоанном и Иосифом;True;67 х 67;Петрос Кладос;Дерево, темпера;Богоматерь, Спаситель, Иоанн, Иосиф Аримафейский;первая половина;15;Италия;Церковь Санта Фоска, Венеция;Богоматерь;Многофигурное;None
5133;Георгий;False;130 х 53;Мастерская салоникского художника Георгия Каллиергиса;Дерево, темпера;Великомученик Георгий;начало;14;Византия;Афон, монастырь Ватопед;Святые;Ростовое;Георгий Победоносец, Георгий Победоносец
5140;Богоматерь с младенцем;False;72 х 53;Андреас Рицос;Дерево, темпера;Богоматерь, младенец, архангелы;вторая половина;15;Венеция;Городской музей Падуи, Италия;Богоматерь;Поясное;None
5144;Вознесение;False;66,5 х 55;Андреас Рицос;Дерево, темпера;Христос, Богоматерь, апостолы;вторая половина;15;Венеция;Греческий институт Византийских и пост-Византийских исследований в Венеции;Страстной и Пасхальный циклы;Сюжетная композиция;Вознесение
5145;Троица Ветхозаветная (гостеприимство Авраама);False;12,5;Николаос Рицос (?),;Дерево, темпера;Авраам, Сара, Ангелы;конец;15;Италия;Национальный музей Барджелло, Флоренция;Троица;Сюжетная композиция;None
5147;Петр и Павел апостолы;False;53 х 41;Nikolaos Ritzos;Дерево, темпера;Спаситель,Петр, Павел;середина;15;Италия;Галерея Академии изящных искусств, Флоренция;Святые;Ростовое;Церковь
5164;Богоматерь на престоле со святыми Иоанном Предтечей и Августином;True;126 х 116;Ioannes Permeniates;дерево, темпера;Богоматерь, Иоанн Предтеча, Августин;начало;16;Италия;Музей Коррер, Венеция;Богоматерь;Тронное;Августин, Иоанн Предтеча
5165;Оплакивание Христа;True;44 х 35;Иоаннес Пеннениатес (?);дерево, темпера;Христос, Богоматерь слева, святой Иоанн справа, Иосиф Аримафейский,;начало;16;Италия;Музей стекла, Мурано;Страстной и Пасхальный циклы;Сюжетная композиция;Иосиф Аримафейский
5166;Петр, Франческ и Доминик;False;56 х 77;Иоаннес Пеннениатес (?);дерево, темпера;Святые Николай, Франческ и Доминик;первая четверть;16;Италия;Палаццо Кьерикати, Виченца, Италия;Святые;Поясное;Святой Петр
5167;Оплакивание Христа;True;152 х 140;Ангелус Пинксит;дерево, темпера;Христос, Богоматерь, святой Иоанн;первая четверть;16;Италия;Музей Коррер, Венеция;Страстной и Пасхальный циклы;Сюжетная композиция;None
5168;Оплакивание Христа;False;57 х 82;Эммануэле Ламбардос;дерево, темпера;Христос, Богоматерь, святой Иоанн, Иосиф, ангелы;первая четверть;16;Италия;Городской музей Падуи, Италия;Страстной и Пасхальный циклы;Сюжетная композиция;None
5170;Богоматерь с младенцем;True;54 х 41;Иеронимус;дерево, темпера;Богоматерь, младенец;первая четверть;16;Италия;Палаццо Контарини дель Боволо, Венеция;Богоматерь;Поясное;None
5189;О тебе радуется;False;71,5 х 47;Георгиос Клонцас;дерево, темпера;Богоматерь, младенец, святые;середина;16;Италия;Греческий институт Византийских и пост-Византийских исследований в Венеции;Богоматерь;Сюжетная композиция;None
5218;Деисус;False;40 х 31,5;Критская школа;Дерево, темпера;Спаситель, Богородица, Иоанн Предтеча;первая половина;15;Крит;Афон, монастырь Ватопед;Сложные композиции;Многофигурное;Спаситель (Деисус)
5219;Иосиф Песнописец;False;49 х 41;Критская школа;Дерево, темпера;Преподобный Иосиф Песнописец;первая половина;15;Крит;Афон, монастырь Ватопед;Святые;Тронное;Иосиф Песнописец, Свиток Иосифа Песнописца, Свиток Иосифа Песнописца
5220;Пантократор;False;61 х 47;Критская школа;Дерево, темпера;Спаситель;вторая половина;15;Крит;Афон, монастырь Ватопед;Спаситель;Поясное;Пантократор
5221;Елеуса;False;61 х 46;Критская школа;Дерево, темпера;Спаситель, Богородица;вторая половина;15;Крит;Афон, монастырь Ватопед;Богоматерь;Поясное;Богоматерь (Елеуса)
5222;Собор Архангелов;False;82 х 76;Андреас Рицос;Дерево, темпера;Спаситель, архангел Михаил, архангел Гавриил;вторая половина;15;Греция;Афон, монастырь Ватопед;Ангелы;Ростовое;Спаситель, Михаил архангел
5223;Иоанн Богослов;False;44,5 х 36;Критская школа;Дерево, темпера;Апостол Иоанн Богослов;вторая половина;15;Греция;Афон, монастырь Ватопед;Святые;Поясное;Иоанн Богослов, Иоанн Богослов
5231;Одигитрия;False;27,4 х 22,9;Иоан Данилов(?);дерево, левкас, темпера;Богоматерь, младенец;начало;16;Россия;Дом икон на Спиридоновке;Богоматерь;Поясное;None
5246;Георгий (Чудо Георгия о змие);False;28 х 24;Строгановская мастерская (?);Дерево, левкас, темпера;Георгий;конец;16;Россия;Дом икон на Спиридоновке;Святые;Конное;None
5254;Рождество Христово;False;32,9 х 28;Строгановская мастерская;левкас, дерево, темпера;Младенец Христос, Богородица, праведный Иосиф, служанка, ангелы, волхвы;первая половина;17;Россия;Дом икон на Спиридоновке;Праздники;Сюжетная композиция;None
5258;Неопалимая Купина;False;31 х 27,7;Строгановская мастерская (Сольвычегодск?);левкас, дерево, темпера;Спаситель, Богородица, ангелы;вторая четверть;17;Россия;Дом икон на Спиридоновке;Богоматерь;Поясное с клеймами;None
5262;Вход в Иерусалим;False;80,8 х 62,5 х 2,5-2,8 см;Андрей Рублев;Дерево, паволока, левкас;Спаситель, апостолы;начало ;15;Россия;Благовещенский собор Московского Кремля;Страстной и Пасхальный циклы;Сюжетная композиция;None
5263;Воскрешение Лазаря;False;81,0 х 61,0 х 3,0-3,2 см;Андрей Рублев;Дерево, паволока, левкас;Спаситель, апостолы, праведная Марфа, праведная Мария, праведный Лазарь;начало ;15;Россия;Благовещенский собор Московского Кремля;Страстной и Пасхальный циклы;Сюжетная композиция;None
5268;Богоявление;False;81,0 х 62,0 х 2,8 см;Андрей Рублев;Дерево, паволока, левкас;Спаситель, Иоанн Предтеча, ангелы;начало;15;Россия;Благовещенский собор Московского Кремля;Праздники;Сюжетная композиция;None
5273;Тихвинская (со святыми на полях);False;41,5х33,5х3,5 см;Мастер серебряник: Пшеничный Никифор Макарьев;Дерево, левкас, ткань, серебро;Богоматерь, Спаситель;около 1526 г.;16;Россия;"Государственный историко-культурный музей-заповедник ""Московский Кремль""";Богоматерь;Поясное с клеймами;None
5278;Иоанн Лествичник;False;46,0 х 17,2 см;Мастерские Московского Кремля;Золото, дерево, камни драгоценные, левкас, жемчуг, ткань;Преподобный Иоанн Лествичник;1554 г.;16;Россия;"Государственный историко-культурный музей-заповедник ""Московский Кремль""";Святые;Ростовое;None
5279;Димитрий Солунский;False;Высота: 168,5 см, ширина: 86 см;Уланов Кирилл;Дерево, паволока, левкас;Великомученик Димитрий Солунский;1701 г.;18;Россия;"Государственный историко-культурный музей-заповедник ""Московский Кремль""";Святые;Ростовое;None
5280;Умягчение злых сердец;False;90,0 х 59,0 см;Василий Познанский, Мастера Серебряной палаты;Серебро, тафта, атлас, бумага, репс, объярь, холст, масло;Богоматерь;1681 - 1682 гг.;17;Россия;"Государственный историко-культурный музей-заповедник ""Московский Кремль""";Богоматерь;Поясное;None
5281;Величит душа моя Господа;False;218,0 х 127,0 см;Живописец: Василий Познанский, Мастера Серебряной палаты;Дерево, серебро, тафта, слюда, атлас, репс, объярь, бархат, олово, холст;Богоматерь, ангелы;1681 - 1682 гг.;17;Россия;"Государственный историко-культурный музей-заповедник ""Московский Кремль""";Богоматерь;Ростовое;None
5288;Спас на престоле;False;177,0 х 147,0 см;Уланов Кирилл;Дерево, паволока, левкас;Спаситель;1698 г.;17;Россия;"Государственный историко-культурный музей-заповедник ""Московский Кремль""";Спаситель;Тронное;Спаситель (Спас на престоле), Спаситель (Спас на престоле)
5289;Спас на престоле с припадающим митрополитом Киприаном (на обороте Голгофский крест);False;168,0 х 91,0 см;Зиновьев Георгий Терентьев;Дерево, паволока, левкас;Спаситель;1700 г.;17;Россия;"Государственный историко-культурный музей-заповедник ""Московский Кремль""";Спаситель;Тронное;Спаситель (Спас на престоле), Спаситель (Спас на престоле)
5303;Вознесение;False;81,0 х 63,5 х 2,5 см;Прохор с Городца (?);Дерево, паволока, левкас;Спаситель, Богородица, апостолы, ангелы;начало;15;Россия;Благовещенский собор Московского Кремля;Страстной и Пасхальный циклы;Сюжетная композиция;None
5304;Сошествие Святого Духа;False;81,0 х 63,0 х 3,0 см;Прохор с Городца (?);Дерево, паволока, левкас;Апостолы, Царь-космос;начало ;15;Россия;Благовещенский собор Московского Кремля;Страстной и Пасхальный циклы;Сюжетная композиция;None
5305;Сретение;False;81,0 х 61,5 х 2,5 см;Андрей Рублев;Дерево, паволока, левкас;Спаситель, Богородица, праведный Симеон Богоприимец, праведная Анна Пророчица, праведный Иосиф Обручник;начало ;15;Россия;Благовещенский собор Московского Кремля;Праздники;Сюжетная композиция;None
5306;Тайная вечеря;False;80,0 х 61,0 х 2,7-2,9 см;Прохор с Городца (?);Дерево, паволока, левкас;Спаситель, апостолы;начало ;15;Россия;Благовещенский собор Московского Кремля;Страстной и Пасхальный циклы;Сюжетная композиция;None
5309;Успение;False;81,0 х 61,5 х 2,7 см;Прохор с Городца (?);Дерево, паволока, левкас;Спаситель, Богородица, апостолы, святители, ангелы;начало ;15;Россия;Благовещенский собор Московского Кремля;Праздники;Сюжетная композиция;None
5310;Положение во гроб;False;81,0 х 62,5 х 3,0 см;Прохор с Городца (?);Дерево, паволока, левкас;Спаситель, Богородица, Иоанн Богослов, праведный Иосиф, праведный Никодим, жены-мироносицы;начало ;15;Россия;Благовещенский собор Московского Кремля;Страстной и Пасхальный циклы;Сюжетная композиция;None
5371;Знамение;False;32,6 х 24,8 см;Мастерские Московского Кремля;Дерево, ткань, левкас, серебро, камни драгоценные, жемчуг;Богоматерь, Спаситель;конец;16;Россия;"Государственный историко-культурный музей-заповедник ""Московский Кремль""";Богоматерь;Поясное;None
5372;Пафнутий Боровский;False;31,2 х 24,0 см;Мастерские Московского Кремля;Дерево, левкас, ткань, серебро, камни;Преподобный Пафнутий Боровский;вторая половина;16;Россия;"Государственный историко-культурный музей-заповедник ""Московский Кремль""";Святые;Ростовое;None
5374;Преполовение Пятидесятницы;False;81,0 х 63,0 х 2,5 см;Псковский мастер;Дерево, паволока, левкас;Христос-отрок, иудейские учителя;середина;16;Россия;Благовещенский собор Московского Кремля;Страстной и Пасхальный циклы;Сюжетная композиция;None
5380;Грузинская;False;72,0 х 63,0 х 2,5 см;Посадские иконники (?);Дерево, левкас;Богоматерь, Спаситель;первая половина;17;Россия;"Государственный историко-культурный музей-заповедник ""Московский Кремль""";Богоматерь;Поясное;None
5386;Иоанн Предтеча;False;152,0 х 44,5 х 2,5 см;Греческий мастер;Дерево, левкас;Иоанн Предтеча;середина - вторая половина;16;Россия;"Государственный историко-культурный музей-заповедник ""Московский Кремль""";Святые;Ростовое;None
5405;Василий Блаженный;False;15,3 х 11,5 см;Мастерские Кремля;Дерево, золото, камни драгоценные, ткань, левкас, камни;Василий Блаженный;конец;16;Россия;"Государственный историко-культурный музей-заповедник ""Московский Кремль""";Святые;Ростовое;None
5407;Григорий Богослов и Николай Чудотворец;False;20,0 х 57,0 см;Василий Познанский;Дерево, тафта, атлас, бумага, объярь, шелк репсового плетения, холст, стекло;Святитель Григорий Богослов, святитель Николай Чудотворец;1682 г.;17;Россия;"Государственный историко-культурный музей-заповедник ""Московский Кремль""";Святые;Поясное;None
5408;Василий Великий и Иоанн Златоуст;False;20,0 х 57,0 см;Василий Познанский;Дерево, тафта, атлас, бумага, объярь, шелк репсового плетения, стекло, холст;Святитель Василий Великий, святитель Иоанн Златоуст;1682 г.;17;Россия;"Государственный историко-культурный музей-заповедник ""Московский Кремль""";Святые;Поясное;None
5411;Иоанн Предтеча в пустыне;False;150,0 см, ширина: 73,0 см, толщина доски: 3,5;Сила Савин (?);Дерево, левкас, темпера;Иоанн Предтеча;вторая половина;17;Россия;"Государственный историко-культурный музей-заповедник ""Московский Кремль""";Святые;Ростовое;None
5412;Гавриил архангел;False;212,0 х 65,0 см;Василий Познанский;Дерево, холст, тафта, атлас, бумага, репс, объярь;Архангел Гавриил;1682 г.;17;Россия;"Государственный историко-культурный музей-заповедник ""Московский Кремль""";Ангелы;Ростовое;Гавриил архангел
5413;Бичевание Спасителя;False;39,0 х 31,0 см;Василий Познанский;Дерево, тафта, атлас, холст, репс, объярь;Спаситель, воины;1681 - 1682 гг.;17;Россия;"Государственный историко-культурный музей-заповедник ""Московский Кремль""";Страстной и Пасхальный циклы;Сюжетная композиция;None
5415;Несение креста;False;39,0 х 31,0 см;Василий Познанский;Дерево, тафта, атлас, объярь, холст;Спаситель, воины;1681 - 1682 гг.;17;Россия;"Государственный историко-культурный музей-заповедник ""Московский Кремль""";Страстной и Пасхальный циклы;Сюжетная композиция;Несение креста, Несение креста
5417;Михаил архангел;False;212,0 х 65,0 см;Василий Познанский;Дерево, тафта, атлас, бумага, репс, объярь, холст, стекло;Архангел Михаил;1682 г.;17;Россия;"Государственный историко-культурный музей-заповедник ""Московский Кремль""";Ангелы;Ростовое;Михаил Архангел
5420;Моление о чаше;False;39,0 х 31,0 см;Василий Познанский;Тафта, атлас, объярь, репс, дерево, холст;Спаситель, апостол Петр, апостол Иаков, апостол Иоанн;1681 - 1682 гг.;17;Россия;"Государственный историко-культурный музей-заповедник ""Московский Кремль""";Страстной и Пасхальный циклы;Сюжетная композиция;None
5423;Спас Вседержитель;False;100,0 х 76,0 см;Василий Познанский;Дерево, шелк репсового плетения, холст, объярь, тафта;Спаситель;1681 - 1682 гг.;17;Россия;"Государственный историко-культурный музей-заповедник ""Московский Кремль""";Спаситель;Поясное;None
5424;Приведение к Пилату;False;39,0 х 31,0 см;Василий Познанский;Дерево, тафта, атлас, репс, объярь, холст;Спаситель, воины;1682 г.;17;Россия;"Государственный историко-культурный музей-заповедник ""Московский Кремль""";Страстной и Пасхальный циклы;Сюжетная композиция;Пилат (Приведение к Пилату), Иисус Христос (Приведение к Пилату)
5425;Иуда апостол;False;53,0 х 31,0 см;Василий Познанский;Дерево, бумага, объярь, шелк, холст;Апостол Иуда;1681 - 1682 гг.;17;Россия;"Государственный историко-культурный музей-заповедник ""Московский Кремль""";Святые;Поясное;Иуда апостол
5426;Павел апостол;False;53,0 х 31,0 см;Василий Познанский;Дерево, атлас, репс, парча, бумага;Апостол Павел;1681 - 1682 гг.;17;Россия;"Государственный историко-культурный музей-заповедник ""Московский Кремль""";Святые;Поясное;None
5427;Иаков апостол;False;53,0 х 31,0 см;Василий Познанский;Дерево, атлас, камка, репс, парча, бумага;Апостол Иаков;1681 - 1682 гг.;17;Россия;"Государственный историко-культурный музей-заповедник ""Московский Кремль""";Святые;Поясное;None
5438;Спас Вседержитель;False;54,0 х 44,5 см;Василий Познанский;Дерево, бумага, шелк репсового плетения, холст, объярь;Спаситель;1681 - 1682 гг.;17;Россия;"Государственный историко-культурный музей-заповедник ""Московский Кремль""";Спаситель;Поясное;None
5439;Фома апостол;False;53,0 х 31,0 см;Василий Познанский;Дерево, бумага, объярь, шелк репсового плетения, холст;Апостол Фома;1681 - 1682 гг.;17;Россия;"Государственный историко-культурный музей-заповедник ""Московский Кремль""";Святые;Поясное;None
5440;Исаия пророк;False;34,0 х 39,0 см;Василий Познанский;Дерево, бумага, атлас, объярь, шелк репсового плетения, холст;Пророк Исаия;1681 - 1682 гг.;17;Россия;"Государственный историко-культурный музей-заповедник ""Московский Кремль""";Святые;Поясное;None
5441;Никита мученик;False;38,5 х 31,0 см;Василий Познанский;Дерево, тафта, объярь, шелк репсового плетения, атлас, холст;Мученик Никита;1681 - 1682 гг.;17;Россия;"Государственный историко-культурный музей-заповедник ""Московский Кремль""";Святые;Поясное;Никита мученик
5442;Евстафий мученик;False;31,5 х 38,5 см;Василий Познанский;Дерево, атлас, бумага, объярь, шелк репсового плетения, тафта, холст;Мученик Евстафий;1681 - 1682 гг.;17;Россия;"Государственный историко-культурный музей-заповедник ""Московский Кремль""";Святые;Поясное;Евстафий мученик
5443;Леонтий мученик;False;38,0 х 31,0 см;Василий Познанский;Дерево, тафта, атлас, объярь, шелк репсового плетения;Мученик Леонтий;1681 - 1682 гг.;17;Россия;"Государственный историко-культурный музей-заповедник ""Московский Кремль""";Святые;Поясное;None
5444;Димитрий Солунский;False;38,0 х 32,0 см;Василий Познанский;Дерево, тафта, атлас, бумага, объярь, шелк репсового плетения, холст;Великомученик Димитрий Солунский;1681 - 1682 гг.;17;Россия;"Государственный историко-культурный музей-заповедник ""Московский Кремль""";Святые;Поясное;None
5445;Георгий;False;31,5 х 38,5 см;Василий Познанский;Дерево, тафта, атлас, бумага, объярь, шелк репсового плетения, холст;Великомученик Георгий;1681 - 1682 гг.;17;Россия;"Государственный историко-культурный музей-заповедник ""Московский Кремль""";Святые;Поясное;None
5446;Елисей пророк;False;34,5 х 38,5 см;Василий Познанский;Дерево, атлас, объярь, шелк репсового плетения, тафта, холст;Пророк Елисей;1681 - 1682 гг.;17;Россия;"Государственный историко-культурный музей-заповедник ""Московский Кремль""";Святые;Поясное;None
5447;Илия пророк;False;39,0 х 34,5 см;Василий Познанский;Дерево, тафта, атлас, бумага, объярь, шелк репсового плетения, холст;Пророк Илия;1681 - 1682 гг.;17;Россия;"Государственный историко-культурный музей-заповедник ""Московский Кремль""";Святые;Поясное;None
5448;Благодатное небо;False;218,0 х 121,0 см;Василий Познанский;Серебро, дерево, стекло, тафта, атлас, репс, объярь, холст, масло;Богоматерь, Спаситель;1681 - 1682 гг.;17;Россия;"Государственный историко-культурный музей-заповедник ""Московский Кремль""";Богоматерь;Ростовое;Богоматерь (Благодатное Небо), Спаситель (Благодатное Небо)
5449;Иоанн Богослов;False;293,0 х 89,0 см;Василий Познанский, мастера Серебряной палаты;Серебро, дерево, атлас, репс, объярь, тафта, холст;Апостол Иоанн Богослов;1681 - 1682 гг.;17;Россия;"Государственный историко-культурный музей-заповедник ""Московский Кремль""";Святые;Ростовое;Иоанн Богослов
5450;Снятие с Креста;False;163,0 х 89,0 см;Василий Познанский;Дерево, холст, атлас, репс, объярь, тафта;Спаситель, Богородица, апостолы, жены-мироносицы;1681 - 1682 гг.;17;Россия;"Государственный историко-культурный музей-заповедник ""Московский Кремль""";Страстной и Пасхальный циклы;Сюжетная композиция;None
5451;Богоматерь;False;293,0 х 89,0 см;Василий Познанский, мастера Серебряной палаты;Дерево, серебро, репс, тафта, объярь, атлас, холст;Богоматерь;1681 - 1682 гг.;17;Россия;"Государственный историко-культурный музей-заповедник ""Московский Кремль""";Богоматерь;Ростовое;None
5452;Воскресение Христово;False;163,0 х 89,0 см;Василий Познанский;Дерево, тафта, камка, атлас, репс, объярь, холст, бумага;Спаситель, войны;1681 - 1682 гг.;17;Россия;"Государственный историко-культурный музей-заповедник ""Московский Кремль""";Страстной и Пасхальный циклы;Сюжетная композиция;None
5453;Вознесение;False;163,0 х 89,0 см;Василий Познанский;Дерево, холст, атлас, репс, объярь, тафта;Спаситель, апостолы, ангелы;1681 - 1682 гг.;17;Россия;"Государственный историко-культурный музей-заповедник ""Московский Кремль""";Страстной и Пасхальный циклы;Сюжетная композиция;None
5454;Петр апостол;False;53,0 х 31,0 см;Василий Познанский;Дерево, бумага, объярь, шелк, холст;Апостол Петр;1681 - 1682 гг.;17;Россия;"Государственный историко-культурный музей-заповедник ""Московский Кремль""";Святые;Поясное;None
5532;Сретение;False;78,0х64,0х3,3 см;Третьяк Гаврилов Кущников;Дерево, левкас, темпера;Спаситель, Богородица, праведный Симеон Богоприимец, праведная Анна Пророчица, праведный Иосиф Обручник;1626 - 1628 гг.;17;Россия;"Государственный историко-культурный музей-заповедник ""Московский Кремль""";Праздники;Сюжетная композиция;None
5549;Исаия пророк;False;90,0х67,0х3,0 см;Мастер круга Савина Истомина;Дерево, паволока, левкас, темпера;Пророк Исаия;1626 - 1628 гг.;17;Россия;"Государственный историко-культурный музей-заповедник ""Московский Кремль""";Святые;Поясное;None
5575;Гавриил архангел;False;29,2 х 23,5 см;Василий Познанский;Дерево, объярь, шелк репсового плетения;Архангел Гавриил;1681 - 1682 гг.;17;Россия;"Государственный историко-культурный музей-заповедник ""Московский Кремль""";Ангелы;Поясное;None
5576;Лука апостол;False;29,4 х 23,4 см;Василий Познанский;Дерево, объярь, шелк репсового плетения;Апостол Лука;1681 - 1682 гг.;17;Россия;"Государственный историко-культурный музей-заповедник ""Московский Кремль""";Святые;Поясное;None
5577;Марк апостол;False;29,2 х 23,3 см;Василий Познанский;Дерево, объярь, шелк репсового плетения;Апостол Марк;1681 - 1682 гг.;17;Россия;"Государственный историко-культурный музей-заповедник ""Московский Кремль""";Святые;Поясное;None
5578;Матфей апостол;False;29,2 х 23,3 см;Василий Познанский;Дерево, шелк репсового плетения, объярь;Апостол Матфей;1681 - 1682 гг.;17;Россия;"Государственный историко-культурный музей-заповедник ""Московский Кремль""";Святые;Поясное;None
5579;Богоматерь;False;29,2 х 23,3 см;Василий Познанский;Дерево, объярь, шелк репсового плетения;Богоматерь;1681 - 1682 гг.;17;Россия;"Государственный историко-культурный музей-заповедник ""Московский Кремль""";Богоматерь;Поясное;None
5585;Христос перед народом;False;39,0 х 31,0 см;Василий Познанский;Дерево, тафта, атлас, репс, объярь, холст;Спаситель;1681 - 1682 гг.;17;Россия;"Государственный историко-культурный музей-заповедник ""Московский Кремль""";Страстной и Пасхальный циклы;Сюжетная композиция;None
5586;Тайная вечеря;False;39,0 х 31,0 см;Василий Познанский;Дерево, тафта, атлас, холст, репс, объярь;Спаситель, апостолы;1681 - 1682 гг.;17;Россия;"Государственный историко-культурный музей-заповедник ""Московский Кремль""";Страстной и Пасхальный циклы;Сюжетная композиция;None
5587;Варфоломей апостол;False;53,0 х 31,0 см;Василий Познанский;Дерево, тафта, атлас, бумага, репс, объярь, холст;Апостол Варфоломей;1681 - 1682 гг.;17;Россия;"Государственный историко-культурный музей-заповедник ""Московский Кремль""";Святые;Поясное;None
5588;Иоанн Богослов;False;53,0 х 31,0 см;Василий Познанский;Холст, дерево, атлас, тафта, объярь, репс, бумага;Апостол Иоанн Богослов;1681 - 1682 гг.;17;Россия;"Государственный историко-культурный музей-заповедник ""Московский Кремль""";Святые;Поясное;None
5596;Донская (в окладе);False;88,5 х 64,3 см;Истома Савин;Дерево, золото, серебро, камни драгоценные, жемчуг, стекло, левкас;Богоматерь, Спаситель;16 - 17 вв. ;16;Россия;"Государственный историко-культурный музей-заповедник ""Московский Кремль""";Богоматерь;Поясное;None
5600;Благовещение (с акафистом);False;144,0 х 116,0 х 3,0 см;Кущников Третьяк Григорьев;Дерево, паволока, левкас;Богородица, архангел Гавриил;1627 - 1628 гг.;17;Россия;"Государственный историко-культурный музей-заповедник ""Московский Кремль""";Праздники;Сюжетная композиция с клеймами;None
5605;Алексий, человек Божий и Мария Египетская;False;48,0 х 58,5 см;Рудаков Яков Казанец;Дерево, левкас, темпера;Алексий и Мария Египетская;1648 г.;17;Россия;"Государственный историко-культурный музей-заповедник ""Московский Кремль""";Святые;Ростовое;None
5606;Воскресение Христово - Сошествие во ад;False;144, 0 х 114,0 х 3,2 см;Мастер Оружейной палаты;Дерево, левкас, темпера;Спаситель, Адам, Ева, Иоанн Предтеча, пророки Давид, Соломон;1670 - 1680 гг.;17;Россия;"Государственный историко-культурный музей-заповедник ""Московский Кремль""";Страстной и Пасхальный циклы;Сюжетная композиция;None
5610;Спас на престоле;False;151,0 х 112,5 х 3,5 см;Мастер Оружейной палаты;Дерево, левкас, паволока;Спаситель, ангелы;третья четверть;17;Россия;"Государственный историко-культурный музей-заповедник ""Московский Кремль""";Спаситель;Тронное;None
5614;Варфоломей апостол (из деисусного чина);False;321,0 х 126,5 см;Тимофеев Иван, Дмитриев Севастьян, Сергеев Степан, Чичагов Дмитрий Николаевич;Дерево, паволока, левкас, серебро;Апостол Варфоломей;1653 г.;17;Россия;"Государственный историко-культурный музей-заповедник ""Московский Кремль""";Святые;Ростовое;None
5615;Иоанн Богослов (из деисусного чина);False;321,0 х 128,0 см;Тимофеев Иван, Дмитриев Севастьян, Сергеев Степан, Чичагов Дмитрий Николаевич;Дерево, серебро, паволока, левкас;Апостол Иоанн Богослов;1653 г.;17;Россия;"Государственный историко-культурный музей-заповедник ""Московский Кремль""";Святые;Ростовое;None
5616;Лука апостол (из деисусного чина);False;321,0 х 127,0 см;Тимофеев Иван, Дмитриев Севастьян, Сергеев Степан, Чичагов Дмитрий Николаевич;Дерево, серебро, паволока, левкас;Апостол Лука;1653 г.;17;Россия;"Государственный историко-культурный музей-заповедник ""Московский Кремль""";Святые;Ростовое;None
5617;Андрей Первозванный (из деисусного чина);False;321,0 х 129,0 см;Тимофеев Иван, Дмитриев Севастьян, Сергеев Степан, Чичагов Дмитрий Николаевич;Дерево, серебро, паволока, левкас;Апостол Андрей;1653 г.;17;Россия;"Государственный историко-культурный музей-заповедник ""Московский Кремль""";Святые;Ростовое;None
5618;Иоанн Предтеча (из деисусного чина);False;321,0 х 129,0 см;Тимофеев Иван, Дмитриев Севастьян, Сергеев Степан, Чичагов Дмитрий Николаевич;Дерево, серебро, паволока, левкас;Иоанн Предтеча;1653 г.;17;Россия;"Государственный историко-культурный музей-заповедник ""Московский Кремль""";Святые;Ростовое;None
5628;Спас на престоле;False;321,0 х 270,0 см;Тимофеев Иван, Дмитриев Севастьян, Сергеев Степан, Чичагов Дмитрий Николаевич;Дерево, серебро, паволока, левкас;Спаситель;1653 г.;17;Россия;"Государственный историко-культурный музей-заповедник ""Московский Кремль""";Спаситель;Тронное;None
5629;Петр апостол (из деисусного чина);False;321,0 х 128,0 см;Тимофеев Иван, Дмитриев Севастьян, Сергеев Степан, Чичагов Дмитрий Николаевич;Дерево, серебро, паволока, левкас;Апостол Петр;1653 г.;17;Россия;"Государственный историко-культурный музей-заповедник ""Московский Кремль""";Святые;Ростовое;None
5630;Богоматерь (из деисусного чина);False;321,0 х 129,0 см;Тимофеев Иван, Дмитриев Севастьян, Сергеев Степан, Чичагов Дмитрий Николаевич;Дерево, серебро, паволока, левкас;Богоматерь;1653 г.;17;Россия;"Государственный историко-культурный музей-заповедник ""Московский Кремль""";Богоматерь;Ростовое;None
5631;Михаил архангел (из деисусного чина);False;321,0 х 127,0 см;Тимофеев Иван, Дмитриев Севастьян, Сергеев Степан, Чичагов Дмитрий Николаевич;Дерево, серебро, паволока, левкас;Архангел Михаил;1653 г.;17;Россия;"Государственный историко-культурный музей-заповедник ""Московский Кремль""";Ангелы;Ростовое;None
5632;Матфей апостол (из деисусного чина);False;321,0 х 129,0 см;Тимофеев Иван, Дмитриев Севастьян, Сергеев Степан, Чичагов Дмитрий Николаевич;Дерево, паволока, левкас, серебро;Апостол Матфей;1653 г.;17;Россия;"Государственный историко-культурный музей-заповедник ""Московский Кремль""";Святые;Ростовое;None
5634;Гавриил архангел (из деисусного чина);False;321,0 х 129,0 см;Тимофеев Иван, Дмитриев Севастьян, Сергеев Степан, Чичагов Дмитрий Николаевич;Дерево, серебро, паволока, левкас;Архангел Гавриил;1653 г.;17;Россия;"Государственный историко-культурный музей-заповедник ""Московский Кремль""";Ангелы;Ростовое;None
5642;Успение Богородицы (Киево-Печерское);False;34,5 х 41;Степанов С.С.;дерево, левкас, темпера;Спаситель, Богородица, апостолы, нечестивый Афоний, ангел, святители, силы небесные, жены;вторая половина;19;Россия;Дом икон на Спиридоновке;Праздники;Сюжетная композиция;None
5652;Богоматерь в скорбех и печалех утешение;False;22 х 26,7;Мастерская Андреевского скита на Афоне;Дерево, левкас;Богоматерь, младенец;начало;20;Россия;Дом икон на Спиридоновке;Богоматерь;Поясное с клеймами;None
5666;Александр Невский, благоверный князь;False;72,2 х 71;Н.С.Емельянов (?);Дерево, левкас, темпера, медь, басма, чеканка, литье, монтировка;Александр Невский;начало;20;Россия;Дом икон на Спиридоновке;Святые;Конное;None
5672;Тихвинская;False;89,5 х 67,3;мастерские Тихвинского Успенского монастыря;Дерево, темпера, серебро, чеканка, гравировка, золочение, чернь;Богоматерь, младенец;вторая четверть;18;Россия;Частная коллекция Александра Дадиани;Богоматерь;Поясное;Тихвинская
5679;Димитрий Угличский;False;35,7 х 30,7;мастерская А.Я.Вашурова (?);Дерево, темпера;Димитрий;начало;20;Россия;Частная коллекция Александра Дадиани;Святые;Поясное;Димитрий Угличский
5680;Ангел-хранитель и избранные святые;False;35,7 х 31;Чириков И.С.;Дерево, темпера;Ангел, святые;конец;19;Россия;Частная коллекция Александра Дадиани;Ангелы;Ростовое и многофигурное;Ангелы
5681;Косма Маюмский и мучениуа Акилина;False;31 х 26,8;Чириков И.С.;Дерево, темпера;Косма Маюмский, Акилина;начало;20;Россия;Частная коллекция Александра Дадиани;Святые;Ростовое;Косма Маюмский и мученица Акилина
5682;Матфий Апостол, ангел-хранитель, мученица Александра;False;31 х 26,4;Чириков И.С.;Дерево, темпера;Апостол Матфий, ангел, мученица Александра;начало;20;Россия;Частная коллекция Александра Дадиани;Святые;Ростовое и многофигурное;Матфий Апостол, ангел-хранитель, мученица Александра
5683;Анна пророчица и преподобный Василий Декаполит;False;31 х 26,4;мастерская Михаила Иосифовича и Григория Иосифовича Чириковых;Дерево, темпера;Анна, прп.Василий;начало;20;Россия;Частная коллекция Александра Дадиани;Святые;Ростовое;Анна пророчица и преподобный Василий
5685;Спас Вседержитель;False;35,5 х 31,3;Мастерская Василия Павловича Гурьянова;Дерево, темпера;Спаситель;начало;20;Россия;Частная коллекция Александра Дадиани;Спаситель;Оглавное или оплечное;Спас Вседержитель
5686;Николай Чудотворец, преподобный Михаил Малеин, мученица царица Александра и святитель Алексий Московский, в молении иконе Богоматери Феодоровской;False;31,2 х 26,5;Мастерская Василия Павловича Гурьянова;Дерево, темпера;Николай Чудотворец, царица Александра, Алексий Московский;начало;20;Россия;Частная коллекция Александра Дадиани;Святые;Сюжетная композиция;Царица Александра и Митрополит Московский
5688;Иоанн Тобольский;False;31,2 х 26,3;нет данныхД;Дерево, темпера;Иоанн Тобольский;начало;20;Россия;Частная коллекция Александра Дадиани;Святые;Ростовое;Иоанн Тобольский
5689;Казанская;False;31,4 х 26,2;Товарищество фабрики металлических изделий Андрея Михайловича Постникова;дерево, темпера, серебро, чеканка, гравировка, золочение, ткань, золотое шитье, жемчуг, низание;Богоматерь, младенец;конец;19;Россия;Частная коллекция Александра Дадиани;Богоматерь;Оглавное или оплечное;Казанская
5690;Спас нерукотворный;False;54 х 44,6;Товарищество фабрики металлических изделий Андрея Михайловича Постникова;дерево, темпера, серебро, чеканка, скань, эмаль, скань, эмаль выемчатая, золочение, ткань, жемчуг, бисер, низание;Спаситель;первая четверть;19;Россия;Частная коллекция Александра Дадиани;Спаситель;Оглавное или оплечное;Спас нерукотворный
5691;Спас Вседержитель;False;31,5 х 27,2;фабрика золотых и серебряных изделий Павла Акимовича Овчинникова;дерево, масло, серебро, чеканка, штамповка, матирование, эмаль выемчатая, золочение;Спаситель;вторая Половина;19;Россия;Частная коллекция Александра Дадиани;Спаситель;Оглавное или оплечное;Спас Вседержитель
5692;Троица, с преподобными Иоанном Рыльским и Евдокией на полях;False;31,3 х 26,8;фабрика золотых и серебряных изделий Павла Акимовича Овчинникова;дерево, темпера, серебро, чеканка, гравировка, скань, эмаль, скань, эмаль расписная, эмаль выемчатая, золочение;Ангелы, Иоанн Рыльский и Евдокия;вторая Половина;19;Россия;Частная коллекция Александра Дадиани;Троица;Сюжетная композиция;Троица
5693;Спас Нерукотворный;False;31,5 х 27;фабрика золотых и серебряных изделий Павла Акимовича Овчинникова;дерево, темпера, серебро, чеканка, скань, эмаль, скань, эмаль расписная, эмаль выемчатая, золочение;Спаситель;конец;19;Россия;Частная коллекция Александра Дадиани;Спаситель;Оглавное или оплечное;Спас нерукотворный
5695;Спас Вседержитель;False;27 х 22,5;фабрика золотых и серебряных изделий Павла Акимовича Овчинникова;Дерево, темпера, серебро, чеканка, скань, эмаль, скань, зернь, золочение, камни полудрагоценные ;Спаситель;конец;19;Россия;Частная коллекция Александра Дадиани;Спаситель;Поясное;Спас Вседержитель
5697;Спас Вседержитель на престоле;False;35,5 х 29;фабрика золотых и серебряных изделий Павла Акимовича Овчинникова;дерево, металл, масло, серебро, вальцовка, золочение;Спаситель;начало;20;Россия;Частная коллекция Александра Дадиани;Спаситель;Тронное;Спас Вседержитель
5698;Скоропослушница;False;31,3 х 26,6;фабрика золотых и серебряных изделий Павла Акимовича Овчинникова;Дерево, масло, серебро, чеканка, гильошировка, скань, эмаль, скань, эмаль выемчатая, золочение;Богоматерь, младенец;конец;19;Россия;Частная коллекция Александра Дадиани;Богоматерь;Поясное;Богоматерь скоропослушница
5699;Складень Равноапостольная княгиня Ольга, Богоматерь Знамение, великомученица Екатерина;False;30 х 32,5;фабрика золотых и серебряных изделий Павла Акимовича Овчинникова;серебро, золочение, масло, чеканка, гравировка, скань, эмаль, скань, эмаль выемчатая, литье;Богоматерь, Ольга, Екатерина;конец;19;Россия;Частная коллекция Александра Дадиани;Святые;Многофигурное;Ольга
5700;Вседержитель (оплечный);False;31,7 х 25,7;мастерская серебряных изделий Якова Федоровича Мишукова;дерево, темпера, серебро, чеканка, гравировка, гильошировка, скань, эмаль, скань, эмаль выемчатая, золочение;Спаситель;конец;19;Россия;Частная коллекция Александра Дадиани;Спаситель;Оглавное или оплечное;Спас Вседержитель
5701;Спас нерукотворный;False;32,3 х 27,5;мастерская серебряных изделий Якова Федоровича Мишукова;дерево, темпера, серебро, чеканка, скань, эмаль, скань, эмаль выемчатая, золочение;Спаситель;конец;19;Россия;Частная коллекция Александра Дадиани;Спаситель;Оглавное или оплечное;Спас нерукотворный
5702;О всепетая мати;False;31,4 х 27;мастерская серебряных изделий Якова Федоровича Мишукова;дерево, темпера, серебро, чеканка, гравировка, скань, эмаль, скань, , ткань, жемчуг, низание, золочение;Богоматерь, младенец;конец;19;Россия;Частная коллекция Александра Дадиани;Богоматерь;Поясное;Богоматерь о всепетая мати
5703;Взыскание погибших;False;26,8 х 22,2;Фабрика золотых и серебряных изделий Ивана Петровича Хлебникова;дерево, масло, серебро, чеканка, гильошировка, скань, эмаль, скань, эмаль выемчатая, золочение, гравировка;Богоматерь, младенец;конец;19;Россия;Частная коллекция Александра Дадиани;Богоматерь;Оглавное или оплечное;Взыскание погибших
5704;Владимирская;False;11 х 9,4;"Товарищество ""И.П.Хлебников, сыновья и К""";дерево, темпера, серебро, чеканка, скань, эмаль, скань, эмаль расписная, золочение, ткань, жемчуг, низание;Богоматерь, младенец;конец;19;Россия;Частная коллекция Александра Дадиани;Богоматерь;Поясное;Владимирская
5705;Складень святая троица (гостеприимство Авраама), равноапостольная Нина грузинская, святитель Флавиан цареградский;False;32,5 х 32,9;"Товарищество ""И.П.Хлебников, сыновья и К""";цинк, золочение, масло, серебро, литье, гравировка, эмаль, скань,;Ангелы, равноапостольная Нина, Флавиан цареградский;конец;19;Россия;Частная коллекция Александра Дадиани;Троица;Сюжетная композиция;Троица
5707;Иверская;False;31,5 х 27,1;"Товарищество ""И.П.Хлебников, сыновья и К""";дерево, темпера, серебро, чеканка, штамповка, гравировка, гильошировка, матирование, золочение;Богоматерь, младенец;начало;20;Россия;Частная коллекция Александра Дадиани;Богоматерь;Поясное;Иверская
5708;Складень Спас нерукотворный, святитель Николай Чудотворец, ангел-хранитель;False;32,8 х 34;"Товарищество ""И.П.Хлебников, сыновья и К""";дерево, цинк,масло, серебро, чеканка, штамповка, гравировка, золочение, камни поделочные, перламутр;Спаситель, Николай чудотворец, ангел;начало;20;Россия;Частная коллекция Александра Дадиани;Спаситель;Многофигурное;Спас нерукотворный
5709;Складень избранные святые, зачатие праведной Анны, мученик Мина и великомученица Екатерина;False;30 х 47,3;Фабрика золотых и серебряных изделий Николая Филипповича Тараброва, мастерская серебряных изделий Ивана Васильевича Васильева;Серебро, масло, гравировка, гильошировка, эмаль, скань, эмаль расписная, эмаль выемчатая, литье, золочение;святые, мученик Мина, великомученица Екатерина;начало;20;Россия;Частная коллекция Александра Дадиани;Святые;Многофигурное;Избранные святые
5712;Господь Вседержитель;False;33,5 х 29;фабрика серебряных изделий Ореста Федоровича Курлюкова;дерево, серебро, чеканка, эмаль, скань, эмаль расписная, эмаль выемчатая, золочение;Спаситель;конец;19;Россия;Частная коллекция Александра Дадиани;Спаситель;Поясное;Спаситель
5713;Святитель Николай Чудотворец и преподобная Мария Египетская, со святителем Афанасием Александрийским и великомученицей Екатериной на полях;False;33,5 х 29;фабрика серебряных изделий Ореста Федоровича Курлюкова;Дерево, темпера, серебро, чеканка, гравировка, эмаль, скань, эмаль расписная, эмаль выемчатая, золочение;Николай Чудотворец, Мария Египетская, Афанасий Александрийский, Екатерина;начало;20;Россия;Частная коллекция Александра Дадиани;Святые;Многофигурное;Николай Чудотворец и Мария Египетская
5715;Михаил архангел;False;35,5 х 31,2;фабрика серебряных изделий Ореста Федоровича Курлюкова;дерево, темпера, серебро, чеканка, гильошировка, скань, эмаль, скань, эмаль расписная, медь, золочение, ткань, жемчуг, шитье, низание;архангел Михаил;начало;20;Россия;Частная коллекция Александра Дадиани;Ангелы;Ростовое;Михаил архангел
5716;Николай Чудотворец;False;31,5 х 26,8;Мастерская Василия Семеновича Саламатина;Дерево, масло, серебро, чеканка, гильошировка, скань, эмаль, скань, эмаль выемчатая, золочение;Николай Чудотворец;конец;19;Россия;Частная коллекция Александра Дадиани;Святые;Поясное;Николай Чудотворец
5717;Рождество Иоанна Предтечи;False;35,8 х 31,3;Фабрика золотых, серебряных и бронзовых изделий Антипа Ивановича Кузмичева;дерево, масло, серебро, чеканка, гравировка, скань, эмаль, скань, эмаль выемчатая, золочение;Иоанн Предтеча, праведный Захария, праведная Елизавета, служанки;конец;19;Россия;Частная коллекция Александра Дадиани;Праздники;Сюжетная композиция;Рождество Иоанна Предтечи
5718;Николай Чудотворец;False;31,3 х 27;Мастерская серебряных изделий Антона Михайловича Чеварзина;дерево, темпера, серебро, чеканка, гравировка, скань, эмаль, скань, эмаль выемчатая, зернь, золочение;Николай Чудотворец;конец;19;Россия;Частная коллекция Александра Дадиани;Святые;Поясное;Николай Чудотворец
5719;Спас Вседержитель;False;22,5 х 18;фабрика серебряных изделий Василия Семеновича Семенова;дерево, темпера, серебро, чеканка, гравировка, скань, эмаль, скань, эмаль расписная, эмаль выемчатая, золочение;Спаситель;конец;19;Россия;Частная коллекция Александра Дадиани;Спаситель;Поясное;Спас Вседержитель
5720;Сергий Радонежский;False;31,7 х 27,2;Фабрика золотых и серебряных изделий Егора Кузьмича Черятова (по рисункам Сергея Ивановича Вашкова);дерево, темпера, серебро, чеканка, гравировка, скань, эмаль выемчатая, золочение, масло, камни полудрагоценные ;Сергий Радонежский;конец;19;Россия;Частная коллекция Александра Дадиани;Святые;Поясное;Сергий Радонежский
5721;Николай Чудотворец;False;31,4 х 27;фабрика золотых и серебряных изделий Ивана Алексеевича Алексеева и Егора Кузьмича Черятова;дерево, масло, серебро, чеканка, гравировка, гильошировка, скань, эмаль, скань, эмаль расписная, эмаль выемчатая, золочение;Николай Чудотворец;начало;20;Россия;Частная коллекция Александра Дадиани;Святые;Поясное;Николай Чудотворец
5722;Казанская;False;22,3 х 17,8;Фабрика золотых и серебряных изделий Егора Кузьмича Черятова;дерево, темпера, серебро, чеканка, гравировка, золочение;Богоматерь, младенец;начало;20;Россия;Частная коллекция Александра Дадиани;Богоматерь;Оглавное или оплечное;Казанская
5723;Казанская;False;31,2 х 26,7;Фабрика золотых и серебряных изделий Ивана Алексеевича Алексеева;дерево, темпера, серебро, чеканка, гравировка, скань, эмаль, скань, эмаль расписная,золочение, ткань, фольга, жемчуг, шитье, низание, стекла цветные, стразы;Богоматерь, младенец;начало;20;Россия;Частная коллекция Александра Дадиани;Богоматерь;Оглавное или оплечное;Казанская
5724;Спас Вседержитель;False;31,2 х 26,8;Мастер серебряных дел Андрей Андреевич Александров;дерево, масло, серебро, чеканка, штамповка, гравировка, скань, эмаль, скань, эмаль выемчатая, золочение;Спаситель;конец;19;Россия;Частная коллекция Александра Дадиани;Спаситель;Поясное;Спаситель
5725;Троица Ветхозаветная (гостеприимство Авраама);False;31,2 х 27,5;Фабрика золотых и серебряных изделий Николая Васильевича Немирова-Колодкина;дерево, темпера, серебро, чеканка, гравировка, золочение;Ангелы, Авраам, Сарра;конец;19;Россия;Частная коллекция Александра Дадиани;Троица;Сюжетная композиция;Троица
5726;"Богоматерь ""Споручница грешных""";False;31,2 х 26,7;Первая Московская артель;дерево, масло, серебро, чеканка, гравировка, гильошировка, эмаль, скань, эмаль расписная, эмаль выемчатая, золочение;Богоматерь, младенец;начало;20;Россия;Частная коллекция Александра Дадиани;Богоматерь;Поясное;Богоматерь
5727;Спас Вседержитель;False;13,5 х 11,3;Фабрика чеканных и гравированных риз Семена Григорьевича Галкина;дерево, масло, серебро, чеканка, эмаль, скань, эмаль расписная, эмаль выемчатая, золочение;Спаситель;начало;20;Россия;Частная коллекция Александра Дадиани;Спаситель;Поясное;Спаситель
5728;Спас Вседержитель, с избранными святыми и ангелом-хранителем в 12 клеймах;False;31,7 х 27,4;Фабрика чеканных и гравированных риз Семена Григорьевича Галкина;дерево, темпера, серебро, чеканка, гравировка, гильошировка, эмаль, скань, эмаль выемчатая, золочение;Спаситель, святые;начало;20;Россия;Частная коллекция Александра Дадиани;Спаситель;Поясное с клеймами;Спаситель, Феодор Стратилат, Феодор Студит
5729;Владимирская;False;31,4 х 27;Фабрика чеканных и гравированных риз Семена Григорьевича Галкина;дерево, масло, серебро, чеканка, гравировка, золочение;Богоматерь, младенец;начало;20;Россия;Частная коллекция Александра Дадиани;Богоматерь;Поясное;Владимирская
5730;Михаил архангел;False;31,3 х 26,8;Мастерская серебряных изделий Дмитрия Лукича Смирнова;Дерево, цинк, масло, серебро, чеканка, золочение, гранаты;Михаил архангел;начало;20;Россия;Частная коллекция Александра Дадиани;Ангелы;Поясное;Михаил архангел
5731;Николай Чудотворец;False;31,7 х 27;Мастерская серебряных изделий Дмитрия Лукича Смирнова;Дерево, цинк, темпера, серебро, чеканка, золочение;Николай Чудотворец;начало;20;Россия;Частная коллекция Александра Дадиани;Святые;Поясное;Николай Чудотворец
5732;Спас Вседержитель;False;31,4 х 27,3;Мастерская серебряных изделий Дмитрия Лукича Смирнова;Дерево, цинк, темпера, серебро, чеканка, золочение, гранаты;Спаситель;начало;20;Россия;Частная коллекция Александра Дадиани;Спаситель;Поясное;Спас Вседержитель
5733;Владимирская;False;31,5 х 26,9;Мастерская серебряных изделий Дмитрия Лукича Смирнова;дерево, темпера, серебро, чеканка, золочение, гранаты;Богоматерь, младенец;начало;20;Россия;Частная коллекция Александра Дадиани;Богоматерь;Поясное;Владимирская
5734;Иоанн Предтеча и преподобная Мария;False;31,3 х 26,7;Мастерская серебряных изделий Дмитрия Лукича Смирнова;дерево, темпера, серебро, чеканка, патинирование, изумруды;Иоанн Предтеча, Мария;начало;20;Россия;Частная коллекция Александра Дадиани;Святые;Ростовое;Иоанн Предтеча
5735;Спас Вседержитель;False;29,2 х 23,5;Мастерская серебряных изделий Дмитрия Лукича Смирнова;дерево, темпера, серебро, чеканка, патинирование, гравировка;Спаситель;начало;20;Россия;Частная коллекция Александра Дадиани;Спаситель;Поясное;Спаситель
5736;Михаил архангел и Никита Цареградский;False;36 х 31,3;Мастерская серебряных изделий Дмитрия Лукича Смирнова;дерево, темпера, серебро, чеканка, гравировка, скань, эмаль, скань, золочение, камни полудрагоценные, жемчуг;Спаситель;начало;20;Россия;Частная коллекция Александра Дадиани;Святые;Ростовое;Михаил архангел и Никифор Цареградский
5737;Спас Нерукотворный;False;31 х 26,7;Мастерская серебряных изделий Дмитрия Лукича Смирнова;дерево, темпера, серебро, чеканка, гравировка, матирование, золочение, хризопразы;Спаситель;начало;20;Россия;Частная коллекция Александра Дадиани;Спаситель;Оглавное или оплечное;Спас нерукотворный
5738;Сергий Радонежский;False;31,3 х 26,7;"Мастерская серебряных изделий Дмитрия Лукича Смирнова, товарищество ""И.П.Хлебников, сыновья и К""";дерево, темпера, серебро, чеканка, гравировка, гильошировка,матирование, золочение, камни поделочные ;Сергий Радонежский;начало;20;Россия;Частная коллекция Александра Дадиани;Святые;Поясное;Сергий Радонежский
5739;Иосиф Волоцкий;False;31,5 х 27;Фабрика золотых и серебряных изделий Митрофана Николаевича Рындина;дерево, темпера, серебро, чеканка, матирование, золочение;Иосиф Волоцкий;начало;20;Россия;Частная коллекция Александра Дадиани;Святые;Поясное;Иосиф Волоцкий
5740;Николай Чудотворец;False;31,2 х 26,7;Мастерская золотых и серебряных изделий Сергея Ивановича Жарова;дерево, темпера, серебро, чеканка, гравировка, матирование, золочение;Николай Чудотворец;начало;20;Россия;Частная коллекция Александра Дадиани;Святые;Поясное;Николай Чудотворец
5741;Казанская;False;31,4 х 27,2;Мастерская золотых и серебряных изделий Сергея Ивановича Жарова;дерево, темпера, серебро, чеканка, золочение, патинирование;Богоматерь, младенец;начало;20;Россия;Частная коллекция Александра Дадиани;Богоматерь;Поясное;Казанская
5742;Казанская, с избранными святыми на полях;False;31,3 х 27;Мастерская золотых и серебряных изделий Сергея Ивановича Жарова;дерево, темпера, серебро, чеканка, штамповка, гравировка, эмаль, скань, эмаль расписная, эмаль выемчатая, золочение, стекла цветные, стразы;Богоматерь, младенец;начало;20;Россия;Частная коллекция Александра Дадиани;Богоматерь;Оглавное или оплечное;Казанская
5743;Рождество Богородицы;False;31,1 х 26,4;"Торгово-промышленное товарищество ""П.И.Оловянишникова сыновья""";дерево, цинк, масло, серебро, эмаль, скань, эмаль расписная, золочение, камни полудрагоценные ;Богородица, праведная Анна, праведный Иоаким, служанка;начало;20;Россия;Частная коллекция Александра Дадиани;Праздники;Сюжетная композиция;Рождество Богородицы
5744;Николай Чудотворец;False;26,7 х 22;Мастерская Николая Сергеевича Емельянова (?). Оклад Мастер серебряного дела Кузьма Иванович Конов (по рисунку Сергея Ивановича Вашкова);дерево, темпера, серебро, чеканка, скань, золочение, камни полудрагоценные, камни поделочные ;Николай Чудотворец;начало;20;Россия;Частная коллекция Александра Дадиани;Святые;Поясное;Николай Чудотворец
5745;Кирилл и Лаврентий Туровские, мученик Гавриил Белостокский;False;22,3 х 18;Мастерская Василия Павловича Гурьянова. Оклад мастер серебряного дела Кузьма Иванович Конов (по рисунку Сергея Ивановича Вашкова);дерево, темпера, скань, серебро, золочение, камни полудрагоценные ;Кирилл, Лаврентий Туровские, Гавриил Белостокский;начало;20;Россия;Частная коллекция Александра Дадиани;Святые;Ростовое;Кирилл и Лаврентий Туровские, мученик Гавриил Белостокский
5746;Казанская;False;31,2 х 26,8;Мастер серебряного дела Кузьма Иванович Конов;дерево, масло, серебро, чеканка, гравировка, золочение, патинирование;Богоматерь, младенец;начало;20;Россия;Частная коллекция Александра Дадиани;Богоматерь;Поясное;Казанская
5749;Богоматерь с младенцем на престоле;False;28,8 х 14,8;Мастерская серебряных изделий Николая Гавриловича Владимирова;дерево, цинк, масло, серебро, вальцовка, золочение;Богоматерь, младенец;начало;20;Россия;Частная коллекция Александра Дадиани;Богоматерь;Тронное;Богоматерь с младенцем на престоле
5750;Богоматерь державная;False;26,8 х 21,8;Фабрика золотых и серебряных изделий Ивана Алексеевича Алексеева;Дерево, серебро, штамповка, гравировка, золочение, чернь;Богоматерь, младенец;первая четверть;20;Россия;Частная коллекция Александра Дадиани;Богоматерь;Тронное;Богоматерь державная
5751;Николай Чудотворец;False;166,7 х 78;Василий Никитин Вощин;дерево, левкас, темпера;Николай Чудотворец;вторая половина;18;Россия;Костромской государственный историко-архитектурный и художественный музей-заповедник;Святые;Ростовое;None
5752;Крещение Господне;False;103,5 х 77,5;Василий Никитин Вощин;дерево, левкас, темпера;Спаситель, ангелы;вторая половина;18;Россия;Костромской государственный историко-архитектурный и художественный музей-заповедник;Страстной и Пасхальный циклы;Сюжетная композиция;None
5756;Иоанн Предтеча - Ангел пустыни;False;181 х 155;Федор Зубов(?);дерево, левкас, темпера;Иоанн Предтеча;середина;17;Россия;Ярославский государственный историко-архитектурный и художественный музей-заповедник;Святые;Ростовое;None
5757;Илья Пророк в пустыне;False;165 х 145;Федор Зубов(?);дерево, левкас, темпера;Илья Пророк;середина;17;Россия;Ярославский государственный историко-архитектурный и художественный музей-заповедник;Святые;Сюжетная композиция;None
5758;Вознесение;False;185 х 134;Федор Зубов(?);дерево, левкас, темпера;Спаситель, Богоматерь, апостолы,херувимы;середина;17;Россия;Ярославский государственный историко-архитектурный и художественный музей-заповедник;Страстной и Пасхальный циклы;Сюжетная композиция;None
5762;Воскресение Христово - Сошествие во ад;False;137,2 х 99,7;Дионисий и мастерская;дерево, левкас, темпера;Спаситель, Адам, Ева, Иоанн Предтеча, Давид, Соломон;конец;15;Россия;Кирилло-Белозерский историко-архитектурный и художественный музей-заповедник;Страстной и Пасхальный циклы;Сюжетная композиция;None
5764;Преподобные Ферапонт и Мартиниан, с житием;False;174 х 127;Монах Феодосий;дерево, левкас, темпера;Ферапонт и Мартиниан;первая половина;18;Россия;Кирилло-Белозерский историко-архитектурный и художественный музей-заповедник;Святые;Ростовое с клеймами;None
5765;Михаил Архангел )из деисусного чина);False;157 х 60;Дионисий и мастерская;дерево, левкас, темпера;Михаил Архангел;конец;15;Россия;Государственная Третьяковская галерея, Москва;Ангелы;Ростовое;Михаил Архангел
5766;Богоматерь ( из деисусного чина);False;155 х 62;Дионисий и мастерская;дерево, левкас, темпера;Богоматерь;конец;15;Россия;Кирилло-Белозерский историко-архитектурный и художественный музей-заповедник;Богоматерь;Ростовое;Богоматерь
5767;Иоанн Предтеча;False;157 х 60;Дионисий и мастерская;дерево, левкас, темпера;Иоанн Предтеча;конец;15;Россия;Кирилло-Белозерский историко-архитектурный и художественный музей-заповедник;Святые;Ростовое;Иоанн Предтеча
5768;Гавриил Архангел;False;155 х 62;Дионисий и мастерская;дерево, левкас, темпера;Архангел Гавриил;конец;15;Россия;Государственный Русский музей, Санкт-Петербург;Ангелы;Ростовое;Гавриил Архангел
5771;Павел Апостол;False;158 х 60;Дионисий и мастерская;дерево, левкас, темпера;Павел Апостол;конец;15;Россия;Государственная Третьяковская галерея, Москва;Святые;Ростовое;Павел Апостол
5772;Григорий Богослов;False;157 х 59;Дионисий и мастерская;дерево, левкас, темпера;Григорий Богослов;конец;15;Россия;Кирилло-Белозерский историко-архитектурный и художественный музей-заповедник;Святые;Ростовое;Григорий Богослов
5773;Иоанн Златоуст;False;157,5 х 58;Дионисий и мастерская;дерево, левкас, темпера;Иоанн Златоуст;конец;15;Россия;Кирилло-Белозерский историко-архитектурный и художественный музей-заповедник;Святые;Ростовое;None
5774;Георгий;False;156,5 х 58;Дионисий и мастерская;дерево, левкас, темпера;Георгий;конец;15;Россия;Государственный Русский музей, Санкт-Петербург;Святые;Ростовое;None
5775;Димитрий Солунский;False;157 х 60;Дионисий и мастерская;дерево, левкас, темпера;Димитрий Солунский;конец;15;Россия;Государственная Третьяковская галерея, Москва;Святые;Ростовое;Димитрий Солунский
5804;Спас на престоле;False;179 x 143,2 x 4;Артемий Катунец, Иван Рефусицкий, Флор Луховлянин;Дерево, левкас, серебро, темпера, басма, гравировка, золочение;Спаситель;1686 - 1689 гг.;17;Россия;Государственный Владимиро-Суздальский историко-архитектурный и художественный музей-заповедник;Спаситель;Тронное;None
5845;Ярославская (в окладе);False;128 х 96;Панфил Третьяк;Дерево, левкас, темпера;Богоматерь, Спаситель;1564 г.;16;Россия;Государственный Исторический музей, Москва;Богоматерь;Поясное;None
5873;Ильинская-Черниговская;True;25 х 18;Дубенский Г.К.;дерево, левкас, темпера;Богоматерь, младенец;начало;18;Россия;Государственный Исторический музей, Москва;Богоматерь;Поясное;None
5874;Владимирская;True;20 х 18;Кирилл Уланов;дерево, левкас, темпера;Богоматерь, младенец;начало;18;Россия;Государственный Исторический музей, Москва;Богоматерь;Поясное;None
5927;Владимирская, с Апостолом Иаковом Заведеевым и преподобномученицей Феодосией;False;32,5 х 27,5;Иаков Богданов;дерево, левкас, темпера;Богоматерь, младенец, Иаков, Феодосия;конец;18;Россия;Государственный Исторический музей, Москва;Богоматерь;Поясное;Богоматерь, Апостол Иаков Заведеев, Феодосия
5928;Феодоровская;True;64,4 х 49,6;Георгий Авраамов;дерево, левкас, темпера;Богоматерь, младенец;начало;18;Россия;Государственный Исторический музей, Москва;Богоматерь;Поясное;Богоматерь
5930;Екатерина великомученица;True;62 х 36,5;Григорий Яковлевич Агапов;дерево, левкас, темпера;Богоматерь, младенец, Екатерина, ангел;первая треть;18;Россия;Государственный Исторический музей, Москва;Святые;Ростовое;Богоматерь, Ангелы с гробом Екатерины, Великомученица Екатерина, Великомученица Екатерина
5948;Троица Новозаветная;False;35,5 х 20,5;Борис Демидов?;дерево, левкас, темпера;Бог Отец, Бог Сын, Дух Святой;начало;18;Россия;Государственный Исторический музей, Москва;Троица;Сюжетная композиция;Бог Сын, Бог Отец
5953;Праведный Артемий Веркольский, со сценами жития;True;30 х 26;Русский Север (Пинега). Монастырские письма;дерево, левкас, темпера;Праведный Артемий Веркольский, его отец, мать, ангел;первая треть;18;Россия;Государственный Исторический музей, Москва;Святые;Сюжетная композиция;Праведный Артемий, Артемий, отец, мать, Артемий на пашне, Артемий сражен молнией
5962;Положение во гроб;True;36,5 х 27,5 см;Оружейная палата (костромской мастер);Дерево, левкас, темпера;Спаситель, Богородица, Иоанн Богослов, праведный Иосиф, праведный Никодим, жены-мироносицы;конец;17;Россия;Центральный музей древнерусской культуры и искусства имени Андрея Рублева, Москва;Страстной и Пасхальный циклы;Сюжетная композиция;None
5965;Троеручица, с мучениками Космой и Дамианом;True;17, 8 х 14,8;Иоанн Краузов;дерево, левкас, темпера;Богоматерь, младенец, Косма, Дамиан;вторая Половина;19;Россия;Государственный Исторический музей, Москва;Богоматерь;Поясное с клеймами;Косьма и Дамиан
5966;Избранные святые: святители Московские Иона, Петр, Алексий, Филипп, святой равноапостольный князь Владимир;False;35 х 31;Иосиф Чириков;дерево, левкас, темпера;Иона, Петр, Алексий, Филипп, св.князь Владимир;конец;19;Россия;Государственный Исторический музей, Москва;Святые;Многофигурное;Иона, Петр, Алексий, Филипп
5968;Преподобный Геннадий Костромской;False;54,5 х 35,5;Гурьянов;дерево, левкас, темпера;Геннадий Костромской;начало;20;Россия;Государственный Исторический музей, Москва;Святые;Ростовое;None
5970;Троица, с деяниями;False;45 х 36,5;Ярославские письма;дерево, левкас, темпера;Троица, Авраам, Лот;начало;19;Россия;Государственный Исторический музей, Москва;Троица;Из клейм состоит;Авраам встречает трех ангелов, Авраам и Сарра омывают путникам ноги, Слуга, закалывающий тельца для трапезы, Сарра со служанками готовят угощение, Ангелы за трапезой
